language,cld2,lingua-Afrikaans-detector,lingua-Albanian-detector,lingua-Arabic-detector,lingua-Armenian-detector,lingua-Azerbaijani-detector,lingua-Basque-detector,lingua-Belarusian-detector,lingua-Bengali-detector,lingua-Bokmal-detector,lingua-Bosnian-detector,lingua-Bulgarian-detector,lingua-Catalan-detector,lingua-Chinese-detector,lingua-Croatian-detector,lingua-Czech-detector,lingua-Danish-detector,lingua-Dutch-detector,lingua-English-detector,lingua-Esperanto-detector,lingua-Estonian-detector,lingua-Finnish-detector,lingua-French-detector,lingua-Ganda-detector,lingua-Georgian-detector,lingua-German-detector,lingua-Greek-detector,lingua-Gujarati-detector,lingua-Hebrew-detector,lingua-Hindi-detector,lingua-Hungarian-detector,lingua-Icelandic-detector,lingua-Indonesian-detector,lingua-Irish-detector,lingua-Italian-detector,lingua-Japanese-detector,lingua-Kazakh-detector,lingua-Korean-detector,lingua-Latin-detector,lingua-Latvian-detector,lingua-Lithuanian-detector,lingua-Macedonian-detector,lingua-Malay-detector,lingua-Maori-detector,lingua-Marathi-detector,lingua-Mongolian-detector,lingua-Nynorsk-detector,lingua-Persian-detector,lingua-Polish-detector,lingua-Portuguese-detector,lingua-Punjabi-detector,lingua-Romanian-detector,lingua-Russian-detector,lingua-Serbian-detector,lingua-Shona-detector,lingua-Slovak-detector,lingua-Slovene-detector,lingua-Somali-detector,lingua-Sotho-detector,lingua-Spanish-detector,lingua-Swahili-detector,lingua-Swedish-detector,lingua-Tagalog-detector,lingua-Tamil-detector,lingua-Telugu-detector,lingua-Thai-detector,lingua-Tsonga-detector,lingua-Tswana-detector,lingua-Turkish-detector,lingua-Ukrainian-detector,lingua-Urdu-detector,lingua-Vietnamese-detector,lingua-Welsh-detector,lingua-Xhosa-detector,lingua-Yoruba-detector,lingua-Zulu-detector,lingua-afrikaans-detector,lingua-albanian-detector,lingua-arabic-detector,lingua-armenian-detector,lingua-azerbaijani-detector,lingua-basque-detector,lingua-belarusian-detector,lingua-bengali-detector,lingua-bokmal-detector,lingua-bosnian-detector,lingua-bulgarian-detector,lingua-catalan-detector,lingua-chinese-detector,lingua-croatian-detector,lingua-czech-detector,lingua-danish-detector,lingua-dutch-detector,lingua-english-detector,lingua-esperanto-detector,lingua-estonian-detector,lingua-finnish-detector,lingua-french-detector,lingua-ganda-detector,lingua-georgian-detector,lingua-german-detector,lingua-greek-detector,lingua-gujarati-detector,lingua-hebrew-detector,lingua-high-accuracy,lingua-hindi-detector,lingua-hungarian-detector,lingua-icelandic-detector,lingua-indonesian-detector,lingua-irish-detector,lingua-italian-detector,lingua-japanese-detector,lingua-kazakh-detector,lingua-korean-detector,lingua-latin-detector,lingua-latvian-detector,lingua-lithuanian-detector,lingua-low-accuracy,lingua-macedonian-detector,lingua-malay-detector,lingua-maori-detector,lingua-marathi-detector,lingua-mongolian-detector,lingua-nynorsk-detector,lingua-persian-detector,lingua-polish-detector,lingua-portuguese-detector,lingua-punjabi-detector,lingua-romanian-detector,lingua-russian-detector,lingua-serbian-detector,lingua-shona-detector,lingua-slovak-detector,lingua-slovene-detector,lingua-somali-detector,lingua-sotho-detector,lingua-spanish-detector,lingua-swahili-detector,lingua-swedish-detector,lingua-tagalog-detector,lingua-tamil-detector,lingua-telugu-detector,lingua-thai-detector,lingua-tsonga-detector,lingua-tswana-detector,lingua-turkish-detector,lingua-ukrainian-detector,lingua-urdu-detector,lingua-vietnamese-detector,lingua-welsh-detector,lingua-xhosa-detector,lingua-yoruba-detector,lingua-zulu-detector,whatlang,whichlang
Afrikaans,12.7,NaN,NaN,NaN,NaN,NaN,NaN,NaN,NaN,NaN,NaN,NaN,NaN,NaN,NaN,NaN,NaN,NaN,NaN,NaN,NaN,NaN,NaN,NaN,NaN,NaN,NaN,NaN,NaN,NaN,NaN,NaN,NaN,NaN,NaN,NaN,NaN,NaN,NaN,NaN,NaN,NaN,NaN,NaN,NaN,NaN,NaN,NaN,NaN,NaN,NaN,NaN,NaN,NaN,NaN,NaN,NaN,NaN,NaN,NaN,NaN,NaN,NaN,NaN,NaN,NaN,NaN,NaN,NaN,NaN,NaN,NaN,NaN,NaN,NaN,NaN,45.9,93.60000000000001,100.0,100.0,93.8,94.0,100.0,100.0,66.4,92.0,100.0,84.8,100.0,92.80000000000001,89.8,63.800000000000004,60.199999999999996,71.1,83.39999999999999,87.3,84.6,85.1,95.89999999999999,100.0,73.9,100.0,100.0,100.0,58.5,100.0,94.69999999999999,80.80000000000001,82.0,96.5,84.0,100.0,100.0,100.0,86.6,91.10000000000001,91.4,38.6,100.0,83.2,88.5,100.0,100.0,69.5,100.0,92.7,87.6,100.0,84.0,100.0,100.0,93.4,87.1,87.8,92.9,92.30000000000001,86.4,89.3,71.89999999999999,87.7,100.0,100.0,100.0,91.10000000000001,92.5,83.39999999999999,100.0,100.0,97.0,95.3,92.5,86.3,87.7,22.0,NaN
Albanian,18.5,NaN,NaN,NaN,NaN,NaN,NaN,NaN,NaN,NaN,NaN,NaN,NaN,NaN,NaN,NaN,NaN,NaN,NaN,NaN,NaN,NaN,NaN,NaN,NaN,NaN,NaN,NaN,NaN,NaN,NaN,NaN,NaN,NaN,NaN,NaN,NaN,NaN,NaN,NaN,NaN,NaN,NaN,NaN,NaN,NaN,NaN,NaN,NaN,NaN,NaN,NaN,NaN,NaN,NaN,NaN,NaN,NaN,NaN,NaN,NaN,NaN,NaN,NaN,NaN,NaN,NaN,NaN,NaN,NaN,NaN,NaN,NaN,NaN,NaN,NaN,91.2,57.3,100.0,100.0,91.5,90.60000000000001,100.0,100.0,89.9,89.9,100.0,86.6,100.0,88.6,93.7,89.4,91.9,84.5,83.6,94.1,94.69999999999999,88.8,94.1,100.0,89.3,100.0,100.0,100.0,68.7,100.0,92.7,95.6,90.7,97.6,82.5,100.0,100.0,100.0,87.7,94.8,88.7,59.0,100.0,90.9,93.30000000000001,100.0,100.0,90.7,100.0,94.89999999999999,86.9,100.0,85.9,100.0,100.0,93.8,87.4,86.9,97.2,96.1,89.0,87.4,88.3,91.9,100.0,100.0,100.0,93.5,95.89999999999999,86.8,100.0,100.0,99.1,98.0,94.39999999999999,90.5,94.1,NaN,NaN
Arabic,19.3,NaN,NaN,NaN,NaN,NaN,NaN,NaN,NaN,NaN,NaN,NaN,NaN,NaN,NaN,NaN,NaN,NaN,NaN,NaN,NaN,NaN,NaN,NaN,NaN,NaN,NaN,NaN,NaN,NaN,NaN,NaN,NaN,NaN,NaN,NaN,NaN,NaN,NaN,NaN,NaN,NaN,NaN,NaN,NaN,NaN,NaN,NaN,NaN,NaN,NaN,NaN,NaN,NaN,NaN,NaN,NaN,NaN,NaN,NaN,NaN,NaN,NaN,NaN,NaN,NaN,NaN,NaN,NaN,NaN,NaN,NaN,NaN,NaN,NaN,NaN,100.0,100.0,86.4,100.0,100.0,100.0,100.0,100.0,100.0,100.0,100.0,100.0,100.0,100.0,100.0,100.0,100.0,100.0,100.0,100.0,100.0,100.0,100.0,100.0,100.0,100.0,100.0,100.0,96.39999999999999,100.0,100.0,100.0,100.0,100.0,100.0,100.0,100.0,100.0,100.0,100.0,100.0,93.8,100.0,100.0,100.0,100.0,100.0,100.0,95.39999999999999,100.0,100.0,100.0,100.0,100.0,100.0,100.0,100.0,100.0,100.0,100.0,100.0,100.0,100.0,100.0,100.0,100.0,100.0,100.0,100.0,100.0,100.0,92.4,100.0,100.0,100.0,100.0,100.0,88.9,100.0
Armenian,100.0,NaN,NaN,NaN,NaN,NaN,NaN,NaN,NaN,NaN,NaN,NaN,NaN,NaN,NaN,NaN,NaN,NaN,NaN,NaN,NaN,NaN,NaN,NaN,NaN,NaN,NaN,NaN,NaN,NaN,NaN,NaN,NaN,NaN,NaN,NaN,NaN,NaN,NaN,NaN,NaN,NaN,NaN,NaN,NaN,NaN,NaN,NaN,NaN,NaN,NaN,NaN,NaN,NaN,NaN,NaN,NaN,NaN,NaN,NaN,NaN,NaN,NaN,NaN,NaN,NaN,NaN,NaN,NaN,NaN,NaN,NaN,NaN,NaN,NaN,NaN,100.0,100.0,100.0,100.0,100.0,100.0,100.0,100.0,100.0,100.0,100.0,100.0,100.0,100.0,100.0,100.0,100.0,100.0,100.0,100.0,100.0,100.0,100.0,100.0,100.0,100.0,100.0,100.0,100.0,100.0,100.0,100.0,100.0,100.0,100.0,100.0,100.0,100.0,100.0,100.0,100.0,100.0,100.0,100.0,100.0,100.0,100.0,100.0,100.0,100.0,100.0,100.0,100.0,100.0,100.0,100.0,100.0,100.0,100.0,100.0,100.0,100.0,100.0,100.0,100.0,100.0,100.0,100.0,100.0,100.0,100.0,100.0,100.0,100.0,100.0,100.0,100.0,NaN,NaN
Azerbaijani,34.5,NaN,NaN,NaN,NaN,NaN,NaN,NaN,NaN,NaN,NaN,NaN,NaN,NaN,NaN,NaN,NaN,NaN,NaN,NaN,NaN,NaN,NaN,NaN,NaN,NaN,NaN,NaN,NaN,NaN,NaN,NaN,NaN,NaN,NaN,NaN,NaN,NaN,NaN,NaN,NaN,NaN,NaN,NaN,NaN,NaN,NaN,NaN,NaN,NaN,NaN,NaN,NaN,NaN,NaN,NaN,NaN,NaN,NaN,NaN,NaN,NaN,NaN,NaN,NaN,NaN,NaN,NaN,NaN,NaN,NaN,NaN,NaN,NaN,NaN,NaN,94.1,94.39999999999999,100.0,100.0,76.1,95.89999999999999,100.0,100.0,95.3,92.10000000000001,100.0,95.89999999999999,100.0,94.1,95.3,95.3,95.7,94.3,90.8,93.89999999999999,94.5,96.89999999999999,93.0,100.0,96.1,100.0,100.0,100.0,77.4,100.0,96.5,94.39999999999999,86.8,98.5,88.0,100.0,100.0,100.0,93.5,96.8,90.3,74.9,100.0,88.3,92.10000000000001,100.0,100.0,93.60000000000001,100.0,97.0,94.3,100.0,94.0,100.0,100.0,93.2,92.80000000000001,92.7,89.7,96.1,93.7,88.9,91.5,88.4,100.0,100.0,100.0,92.4,97.8,67.30000000000001,100.0,100.0,99.7,98.7,96.5,88.6,95.8,60.5,NaN
Basque,22.8,NaN,NaN,NaN,NaN,NaN,NaN,NaN,NaN,NaN,NaN,NaN,NaN,NaN,NaN,NaN,NaN,NaN,NaN,NaN,NaN,NaN,NaN,NaN,NaN,NaN,NaN,NaN,NaN,NaN,NaN,NaN,NaN,NaN,NaN,NaN,NaN,NaN,NaN,NaN,NaN,NaN,NaN,NaN,NaN,NaN,NaN,NaN,NaN,NaN,NaN,NaN,NaN,NaN,NaN,NaN,NaN,NaN,NaN,NaN,NaN,NaN,NaN,NaN,NaN,NaN,NaN,NaN,NaN,NaN,NaN,NaN,NaN,NaN,NaN,NaN,89.0,91.0,100.0,100.0,91.10000000000001,53.300000000000004,100.0,100.0,86.0,85.39999999999999,100.0,86.6,100.0,87.0,93.10000000000001,85.6,88.9,79.60000000000001,80.2,91.9,93.5,87.9,84.1,100.0,86.6,100.0,100.0,100.0,71.0,100.0,93.30000000000001,90.7,76.1,90.10000000000001,75.7,100.0,100.0,100.0,77.9,93.0,88.0,57.099999999999994,100.0,76.7,83.1,100.0,100.0,86.6,100.0,94.0,85.3,100.0,77.3,100.0,100.0,86.1,84.89999999999999,89.7,91.7,88.5,85.1,86.1,85.0,83.2,100.0,100.0,100.0,90.2,90.10000000000001,83.89999999999999,100.0,100.0,98.2,97.0,89.8,82.3,89.5,NaN,NaN
Belarusian,42.0,NaN,NaN,NaN,NaN,NaN,NaN,NaN,NaN,NaN,NaN,NaN,NaN,NaN,NaN,NaN,NaN,NaN,NaN,NaN,NaN,NaN,NaN,NaN,NaN,NaN,NaN,NaN,NaN,NaN,NaN,NaN,NaN,NaN,NaN,NaN,NaN,NaN,NaN,NaN,NaN,NaN,NaN,NaN,NaN,NaN,NaN,NaN,NaN,NaN,NaN,NaN,NaN,NaN,NaN,NaN,NaN,NaN,NaN,NaN,NaN,NaN,NaN,NaN,NaN,NaN,NaN,NaN,NaN,NaN,NaN,NaN,NaN,NaN,NaN,NaN,100.0,100.0,100.0,100.0,100.0,100.0,81.69999999999999,100.0,100.0,100.0,91.10000000000001,100.0,100.0,100.0,100.0,100.0,100.0,100.0,100.0,100.0,100.0,100.0,100.0,100.0,100.0,100.0,100.0,100.0,91.5,100.0,100.0,100.0,100.0,100.0,100.0,100.0,86.0,100.0,100.0,100.0,100.0,87.6,94.3,100.0,100.0,100.0,97.3,100.0,100.0,100.0,100.0,100.0,100.0,86.7,93.5,100.0,100.0,100.0,100.0,100.0,100.0,100.0,100.0,100.0,100.0,100.0,100.0,100.0,100.0,100.0,79.5,100.0,100.0,100.0,100.0,100.0,100.0,81.39999999999999,NaN
Bengali,19.400000000000002,NaN,NaN,NaN,NaN,NaN,NaN,NaN,NaN,NaN,NaN,NaN,NaN,NaN,NaN,NaN,NaN,NaN,NaN,NaN,NaN,NaN,NaN,NaN,NaN,NaN,NaN,NaN,NaN,NaN,NaN,NaN,NaN,NaN,NaN,NaN,NaN,NaN,NaN,NaN,NaN,NaN,NaN,NaN,NaN,NaN,NaN,NaN,NaN,NaN,NaN,NaN,NaN,NaN,NaN,NaN,NaN,NaN,NaN,NaN,NaN,NaN,NaN,NaN,NaN,NaN,NaN,NaN,NaN,NaN,NaN,NaN,NaN,NaN,NaN,NaN,100.0,100.0,100.0,100.0,100.0,100.0,100.0,100.0,100.0,100.0,100.0,100.0,100.0,100.0,100.0,100.0,100.0,100.0,100.0,100.0,100.0,100.0,100.0,100.0,100.0,100.0,100.0,100.0,100.0,100.0,100.0,100.0,100.0,100.0,100.0,100.0,100.0,100.0,100.0,100.0,100.0,100.0,100.0,100.0,100.0,100.0,100.0,100.0,100.0,100.0,100.0,100.0,100.0,100.0,100.0,100.0,100.0,100.0,100.0,100.0,100.0,100.0,100.0,100.0,100.0,100.0,100.0,100.0,100.0,100.0,100.0,100.0,100.0,100.0,100.0,100.0,100.0,100.0,NaN
Bokmal,NaN,NaN,NaN,NaN,NaN,NaN,NaN,NaN,NaN,NaN,NaN,NaN,NaN,NaN,NaN,NaN,NaN,NaN,NaN,NaN,NaN,NaN,NaN,NaN,NaN,NaN,NaN,NaN,NaN,NaN,NaN,NaN,NaN,NaN,NaN,NaN,NaN,NaN,NaN,NaN,NaN,NaN,NaN,NaN,NaN,NaN,NaN,NaN,NaN,NaN,NaN,NaN,NaN,NaN,NaN,NaN,NaN,NaN,NaN,NaN,NaN,NaN,NaN,NaN,NaN,NaN,NaN,NaN,NaN,NaN,NaN,NaN,NaN,NaN,NaN,NaN,67.5,90.9,100.0,100.0,90.5,87.2,100.0,100.0,53.400000000000006,89.60000000000001,100.0,80.2,100.0,89.5,86.5,54.300000000000004,69.5,69.89999999999999,78.3,83.3,80.10000000000001,79.80000000000001,95.3,100.0,72.0,100.0,100.0,100.0,38.800000000000004,100.0,85.1,77.60000000000001,78.3,95.7,77.7,100.0,100.0,100.0,83.5,96.39999999999999,92.4,27.400000000000002,100.0,78.3,83.89999999999999,100.0,100.0,53.2,100.0,93.0,84.7,100.0,82.5,100.0,100.0,95.1,84.2,82.39999999999999,97.89999999999999,89.3,86.7,88.2,65.0,85.7,100.0,100.0,100.0,90.5,91.0,85.1,100.0,100.0,98.8,93.89999999999999,90.60000000000001,91.9,87.2,23.9,NaN
Bosnian,4.1000000000000005,NaN,NaN,NaN,NaN,NaN,NaN,NaN,NaN,NaN,NaN,NaN,NaN,NaN,NaN,NaN,NaN,NaN,NaN,NaN,NaN,NaN,NaN,NaN,NaN,NaN,NaN,NaN,NaN,NaN,NaN,NaN,NaN,NaN,NaN,NaN,NaN,NaN,NaN,NaN,NaN,NaN,NaN,NaN,NaN,NaN,NaN,NaN,NaN,NaN,NaN,NaN,NaN,NaN,NaN,NaN,NaN,NaN,NaN,NaN,NaN,NaN,NaN,NaN,NaN,NaN,NaN,NaN,NaN,NaN,NaN,NaN,NaN,NaN,NaN,NaN,93.8,95.19999999999999,100.0,100.0,95.1,93.89999999999999,100.0,100.0,94.1,36.199999999999996,100.0,86.1,100.0,62.7,83.5,93.5,94.3,88.7,80.9,87.2,93.5,89.7,91.7,100.0,95.6,100.0,100.0,100.0,28.999999999999996,100.0,96.1,92.10000000000001,86.8,97.89999999999999,84.39999999999999,100.0,100.0,100.0,89.4,93.10000000000001,85.7,22.2,100.0,87.8,90.3,100.0,100.0,88.8,100.0,86.2,84.2,100.0,86.3,100.0,100.0,89.7,72.8,69.5,95.3,93.60000000000001,85.6,86.2,92.2,88.3,100.0,100.0,100.0,91.60000000000001,96.0,89.4,100.0,100.0,99.2,98.3,93.89999999999999,90.10000000000001,93.5,NaN,NaN
Bulgarian,31.5,NaN,NaN,NaN,NaN,NaN,NaN,NaN,NaN,NaN,NaN,NaN,NaN,NaN,NaN,NaN,NaN,NaN,NaN,NaN,NaN,NaN,NaN,NaN,NaN,NaN,NaN,NaN,NaN,NaN,NaN,NaN,NaN,NaN,NaN,NaN,NaN,NaN,NaN,NaN,NaN,NaN,NaN,NaN,NaN,NaN,NaN,NaN,NaN,NaN,NaN,NaN,NaN,NaN,NaN,NaN,NaN,NaN,NaN,NaN,NaN,NaN,NaN,NaN,NaN,NaN,NaN,NaN,NaN,NaN,NaN,NaN,NaN,NaN,NaN,NaN,100.0,100.0,100.0,100.0,100.0,100.0,89.8,100.0,100.0,100.0,60.9,100.0,100.0,100.0,100.0,100.0,100.0,100.0,100.0,100.0,100.0,100.0,100.0,100.0,100.0,100.0,100.0,100.0,70.19999999999999,100.0,100.0,100.0,100.0,100.0,100.0,100.0,93.5,100.0,100.0,100.0,100.0,58.8,57.99999999999999,100.0,100.0,100.0,97.6,100.0,100.0,100.0,100.0,100.0,100.0,71.89999999999999,74.4,100.0,100.0,100.0,100.0,100.0,100.0,100.0,100.0,100.0,100.0,100.0,100.0,100.0,100.0,100.0,85.0,100.0,100.0,100.0,100.0,100.0,100.0,44.5,NaN
Catalan,4.5,NaN,NaN,NaN,NaN,NaN,NaN,NaN,NaN,NaN,NaN,NaN,NaN,NaN,NaN,NaN,NaN,NaN,NaN,NaN,NaN,NaN,NaN,NaN,NaN,NaN,NaN,NaN,NaN,NaN,NaN,NaN,NaN,NaN,NaN,NaN,NaN,NaN,NaN,NaN,NaN,NaN,NaN,NaN,NaN,NaN,NaN,NaN,NaN,NaN,NaN,NaN,NaN,NaN,NaN,NaN,NaN,NaN,NaN,NaN,NaN,NaN,NaN,NaN,NaN,NaN,NaN,NaN,NaN,NaN,NaN,NaN,NaN,NaN,NaN,NaN,90.10000000000001,92.9,100.0,100.0,95.0,87.5,100.0,100.0,87.0,85.3,100.0,49.2,100.0,87.6,90.10000000000001,85.5,90.3,69.19999999999999,70.19999999999999,90.4,90.60000000000001,67.7,92.5,100.0,88.2,100.0,100.0,100.0,50.6,100.0,94.1,92.0,82.1,97.6,69.89999999999999,100.0,100.0,100.0,69.6,94.19999999999999,88.7,35.099999999999994,100.0,82.89999999999999,93.0,100.0,100.0,86.7,100.0,92.2,62.7,100.0,70.0,100.0,100.0,95.19999999999999,83.39999999999999,83.8,95.0,90.9,60.099999999999994,91.60000000000001,84.39999999999999,90.60000000000001,100.0,100.0,100.0,92.10000000000001,93.5,90.2,100.0,100.0,99.3,96.89999999999999,96.2,93.10000000000001,95.19999999999999,28.999999999999996,NaN
Chinese,NaN,NaN,NaN,NaN,NaN,NaN,NaN,NaN,NaN,NaN,NaN,NaN,NaN,NaN,NaN,NaN,NaN,NaN,NaN,NaN,NaN,NaN,NaN,NaN,NaN,NaN,NaN,NaN,NaN,NaN,NaN,NaN,NaN,NaN,NaN,NaN,NaN,NaN,NaN,NaN,NaN,NaN,NaN,NaN,NaN,NaN,NaN,NaN,NaN,NaN,NaN,NaN,NaN,NaN,NaN,NaN,NaN,NaN,NaN,NaN,NaN,NaN,NaN,NaN,NaN,NaN,NaN,NaN,NaN,NaN,NaN,NaN,NaN,NaN,NaN,NaN,100.0,100.0,100.0,100.0,100.0,100.0,100.0,100.0,100.0,100.0,100.0,100.0,100.0,100.0,100.0,100.0,100.0,100.0,100.0,100.0,100.0,100.0,100.0,100.0,100.0,100.0,100.0,100.0,100.0,100.0,100.0,100.0,100.0,100.0,100.0,76.2,100.0,100.0,100.0,100.0,100.0,100.0,100.0,100.0,100.0,100.0,100.0,100.0,100.0,100.0,100.0,100.0,100.0,100.0,100.0,100.0,100.0,100.0,100.0,100.0,100.0,100.0,100.0,100.0,100.0,100.0,100.0,100.0,100.0,100.0,100.0,100.0,100.0,100.0,100.0,100.0,100.0,100.0,93.7
Croatian,33.7,NaN,NaN,NaN,NaN,NaN,NaN,NaN,NaN,NaN,NaN,NaN,NaN,NaN,NaN,NaN,NaN,NaN,NaN,NaN,NaN,NaN,NaN,NaN,NaN,NaN,NaN,NaN,NaN,NaN,NaN,NaN,NaN,NaN,NaN,NaN,NaN,NaN,NaN,NaN,NaN,NaN,NaN,NaN,NaN,NaN,NaN,NaN,NaN,NaN,NaN,NaN,NaN,NaN,NaN,NaN,NaN,NaN,NaN,NaN,NaN,NaN,NaN,NaN,NaN,NaN,NaN,NaN,NaN,NaN,NaN,NaN,NaN,NaN,NaN,NaN,93.4,93.60000000000001,100.0,100.0,95.7,94.3,100.0,100.0,93.89999999999999,63.5,100.0,84.8,100.0,40.6,80.7,93.89999999999999,93.4,88.5,80.0,87.3,94.3,90.8,92.4,100.0,94.69999999999999,100.0,100.0,100.0,53.400000000000006,100.0,96.0,93.4,89.2,98.5,84.5,100.0,100.0,100.0,90.2,94.89999999999999,87.2,36.7,100.0,89.7,91.9,100.0,100.0,90.5,100.0,85.7,85.8,100.0,85.5,100.0,100.0,89.1,71.8,65.10000000000001,95.89999999999999,92.80000000000001,87.0,87.2,93.7,89.3,100.0,100.0,100.0,90.8,95.5,89.9,100.0,100.0,99.0,98.3,95.0,91.3,93.7,34.8,NaN
Czech,50.5,NaN,NaN,NaN,NaN,NaN,NaN,NaN,NaN,NaN,NaN,NaN,NaN,NaN,NaN,NaN,NaN,NaN,NaN,NaN,NaN,NaN,NaN,NaN,NaN,NaN,NaN,NaN,NaN,NaN,NaN,NaN,NaN,NaN,NaN,NaN,NaN,NaN,NaN,NaN,NaN,NaN,NaN,NaN,NaN,NaN,NaN,NaN,NaN,NaN,NaN,NaN,NaN,NaN,NaN,NaN,NaN,NaN,NaN,NaN,NaN,NaN,NaN,NaN,NaN,NaN,NaN,NaN,NaN,NaN,NaN,NaN,NaN,NaN,NaN,NaN,93.8,97.3,100.0,100.0,98.3,96.39999999999999,100.0,100.0,95.7,82.5,100.0,88.4,100.0,86.4,52.1,94.39999999999999,93.89999999999999,89.2,85.8,90.9,94.0,92.9,96.2,100.0,94.6,100.0,100.0,100.0,65.5,100.0,96.0,95.0,92.7,97.89999999999999,88.2,100.0,100.0,100.0,92.60000000000001,98.4,94.19999999999999,57.099999999999994,100.0,93.8,97.8,100.0,100.0,91.9,100.0,88.9,90.5,100.0,89.2,100.0,100.0,95.6,73.3,81.0,98.1,96.0,90.0,95.1,94.6,95.7,100.0,100.0,100.0,95.0,97.5,95.0,100.0,100.0,98.5,98.7,96.6,94.3,96.0,42.199999999999996,NaN
Danish,26.900000000000002,NaN,NaN,NaN,NaN,NaN,NaN,NaN,NaN,NaN,NaN,NaN,NaN,NaN,NaN,NaN,NaN,NaN,NaN,NaN,NaN,NaN,NaN,NaN,NaN,NaN,NaN,NaN,NaN,NaN,NaN,NaN,NaN,NaN,NaN,NaN,NaN,NaN,NaN,NaN,NaN,NaN,NaN,NaN,NaN,NaN,NaN,NaN,NaN,NaN,NaN,NaN,NaN,NaN,NaN,NaN,NaN,NaN,NaN,NaN,NaN,NaN,NaN,NaN,NaN,NaN,NaN,NaN,NaN,NaN,NaN,NaN,NaN,NaN,NaN,NaN,68.2,90.5,100.0,100.0,89.9,86.6,100.0,100.0,49.6,92.7,100.0,81.89999999999999,100.0,92.5,90.2,59.199999999999996,69.19999999999999,70.89999999999999,82.6,85.7,85.0,82.19999999999999,96.6,100.0,67.10000000000001,100.0,100.0,100.0,61.199999999999996,100.0,86.3,83.6,82.3,97.3,81.8,100.0,100.0,100.0,83.8,96.1,94.5,46.400000000000006,100.0,81.69999999999999,84.3,100.0,100.0,55.400000000000006,100.0,94.89999999999999,88.1,100.0,84.8,100.0,100.0,97.3,87.5,83.7,97.8,93.5,88.7,89.5,63.1,88.2,100.0,100.0,100.0,92.5,91.10000000000001,81.39999999999999,100.0,100.0,99.4,93.89999999999999,92.2,89.0,89.8,31.7,NaN
Dutch,10.6,NaN,NaN,NaN,NaN,NaN,NaN,NaN,NaN,NaN,NaN,NaN,NaN,NaN,NaN,NaN,NaN,NaN,NaN,NaN,NaN,NaN,NaN,NaN,NaN,NaN,NaN,NaN,NaN,NaN,NaN,NaN,NaN,NaN,NaN,NaN,NaN,NaN,NaN,NaN,NaN,NaN,NaN,NaN,NaN,NaN,NaN,NaN,NaN,NaN,NaN,NaN,NaN,NaN,NaN,NaN,NaN,NaN,NaN,NaN,NaN,NaN,NaN,NaN,NaN,NaN,NaN,NaN,NaN,NaN,NaN,NaN,NaN,NaN,NaN,NaN,61.1,91.5,100.0,100.0,94.3,90.7,100.0,100.0,65.4,89.7,100.0,82.0,100.0,89.1,86.7,64.0,50.1,74.2,81.2,85.7,81.2,82.39999999999999,95.8,100.0,61.9,100.0,100.0,100.0,55.1,100.0,90.4,84.5,82.19999999999999,91.8,79.9,100.0,100.0,100.0,81.89999999999999,92.2,90.7,37.4,100.0,82.0,89.1,100.0,100.0,69.5,100.0,91.3,84.0,100.0,79.4,100.0,100.0,92.0,84.6,84.8,93.5,89.3,84.3,89.60000000000001,71.7,88.8,100.0,100.0,100.0,90.60000000000001,91.5,84.3,100.0,100.0,97.1,94.0,91.9,86.3,90.2,22.900000000000002,53.2
English,11.899999999999999,NaN,NaN,NaN,NaN,NaN,NaN,NaN,NaN,NaN,NaN,NaN,NaN,NaN,NaN,NaN,NaN,NaN,NaN,NaN,NaN,NaN,NaN,NaN,NaN,NaN,NaN,NaN,NaN,NaN,NaN,NaN,NaN,NaN,NaN,NaN,NaN,NaN,NaN,NaN,NaN,NaN,NaN,NaN,NaN,NaN,NaN,NaN,NaN,NaN,NaN,NaN,NaN,NaN,NaN,NaN,NaN,NaN,NaN,NaN,NaN,NaN,NaN,NaN,NaN,NaN,NaN,NaN,NaN,NaN,NaN,NaN,NaN,NaN,NaN,NaN,78.60000000000001,93.89999999999999,100.0,100.0,92.2,91.4,100.0,100.0,75.9,88.3,100.0,68.5,100.0,84.0,88.2,67.9,78.0,46.2,74.2,86.6,90.5,70.5,96.2,100.0,78.3,100.0,100.0,100.0,54.7,100.0,91.10000000000001,84.5,78.9,90.7,68.10000000000001,100.0,100.0,100.0,70.39999999999999,94.6,87.9,29.099999999999998,100.0,78.7,85.0,100.0,100.0,76.3,100.0,93.30000000000001,74.5,100.0,68.2,100.0,100.0,93.2,84.39999999999999,84.89999999999999,97.7,93.7,72.7,81.2,70.5,86.2,100.0,100.0,100.0,92.0,95.3,88.2,100.0,100.0,98.8,97.0,95.7,87.4,87.2,17.9,34.0
Esperanto,7.199999999999999,NaN,NaN,NaN,NaN,NaN,NaN,NaN,NaN,NaN,NaN,NaN,NaN,NaN,NaN,NaN,NaN,NaN,NaN,NaN,NaN,NaN,NaN,NaN,NaN,NaN,NaN,NaN,NaN,NaN,NaN,NaN,NaN,NaN,NaN,NaN,NaN,NaN,NaN,NaN,NaN,NaN,NaN,NaN,NaN,NaN,NaN,NaN,NaN,NaN,NaN,NaN,NaN,NaN,NaN,NaN,NaN,NaN,NaN,NaN,NaN,NaN,NaN,NaN,NaN,NaN,NaN,NaN,NaN,NaN,NaN,NaN,NaN,NaN,NaN,NaN,89.60000000000001,92.7,100.0,100.0,92.5,90.3,100.0,100.0,85.6,84.2,100.0,74.7,100.0,86.8,86.7,85.3,88.9,82.3,45.9,89.7,91.9,80.4,90.7,100.0,91.10000000000001,100.0,100.0,100.0,67.2,100.0,93.8,90.4,81.89999999999999,96.7,77.8,100.0,100.0,100.0,77.60000000000001,94.6,85.6,43.9,100.0,83.3,89.4,100.0,100.0,84.2,100.0,91.10000000000001,75.8,100.0,80.30000000000001,100.0,100.0,89.0,81.8,83.39999999999999,93.89999999999999,91.7,77.0,89.4,86.8,85.0,100.0,100.0,100.0,90.3,94.0,86.4,100.0,100.0,98.1,97.5,93.30000000000001,91.60000000000001,91.5,32.5,NaN
Estonian,23.7,NaN,NaN,NaN,NaN,NaN,NaN,NaN,NaN,NaN,NaN,NaN,NaN,NaN,NaN,NaN,NaN,NaN,NaN,NaN,NaN,NaN,NaN,NaN,NaN,NaN,NaN,NaN,NaN,NaN,NaN,NaN,NaN,NaN,NaN,NaN,NaN,NaN,NaN,NaN,NaN,NaN,NaN,NaN,NaN,NaN,NaN,NaN,NaN,NaN,NaN,NaN,NaN,NaN,NaN,NaN,NaN,NaN,NaN,NaN,NaN,NaN,NaN,NaN,NaN,NaN,NaN,NaN,NaN,NaN,NaN,NaN,NaN,NaN,NaN,NaN,83.39999999999999,90.7,100.0,100.0,94.19999999999999,90.7,100.0,100.0,88.4,87.0,100.0,85.5,100.0,90.2,91.8,87.9,89.0,89.1,80.2,56.89999999999999,77.9,89.0,91.60000000000001,100.0,90.0,100.0,100.0,100.0,79.9,100.0,92.5,87.2,88.2,94.39999999999999,85.6,100.0,100.0,100.0,82.0,93.7,86.7,63.6,100.0,89.1,90.7,100.0,100.0,86.5,100.0,92.0,86.3,100.0,81.69999999999999,100.0,100.0,91.4,85.1,86.5,90.0,90.4,86.9,85.39999999999999,90.60000000000001,87.6,100.0,100.0,100.0,88.9,91.3,87.7,100.0,100.0,99.9,98.2,87.0,91.0,89.5,43.4,NaN
Finnish,43.6,NaN,NaN,NaN,NaN,NaN,NaN,NaN,NaN,NaN,NaN,NaN,NaN,NaN,NaN,NaN,NaN,NaN,NaN,NaN,NaN,NaN,NaN,NaN,NaN,NaN,NaN,NaN,NaN,NaN,NaN,NaN,NaN,NaN,NaN,NaN,NaN,NaN,NaN,NaN,NaN,NaN,NaN,NaN,NaN,NaN,NaN,NaN,NaN,NaN,NaN,NaN,NaN,NaN,NaN,NaN,NaN,NaN,NaN,NaN,NaN,NaN,NaN,NaN,NaN,NaN,NaN,NaN,NaN,NaN,NaN,NaN,NaN,NaN,NaN,NaN,85.7,85.6,100.0,100.0,94.89999999999999,94.1,100.0,100.0,81.39999999999999,82.0,100.0,84.8,100.0,86.1,88.1,86.9,82.19999999999999,90.3,76.1,70.1,70.5,88.0,93.10000000000001,100.0,86.7,100.0,100.0,100.0,90.2,100.0,88.0,85.3,87.5,93.10000000000001,78.9,100.0,100.0,100.0,84.2,89.1,79.4,79.3,100.0,89.0,93.8,100.0,100.0,78.0,100.0,88.9,85.3,100.0,84.8,100.0,100.0,91.5,85.9,85.3,88.2,95.0,84.8,90.7,85.0,87.5,100.0,100.0,100.0,91.10000000000001,95.39999999999999,87.3,100.0,100.0,99.3,94.6,90.4,89.7,92.0,53.1,NaN
French,12.2,NaN,NaN,NaN,NaN,NaN,NaN,NaN,NaN,NaN,NaN,NaN,NaN,NaN,NaN,NaN,NaN,NaN,NaN,NaN,NaN,NaN,NaN,NaN,NaN,NaN,NaN,NaN,NaN,NaN,NaN,NaN,NaN,NaN,NaN,NaN,NaN,NaN,NaN,NaN,NaN,NaN,NaN,NaN,NaN,NaN,NaN,NaN,NaN,NaN,NaN,NaN,NaN,NaN,NaN,NaN,NaN,NaN,NaN,NaN,NaN,NaN,NaN,NaN,NaN,NaN,NaN,NaN,NaN,NaN,NaN,NaN,NaN,NaN,NaN,NaN,87.6,94.5,100.0,100.0,96.2,90.5,100.0,100.0,84.6,89.60000000000001,100.0,56.8,100.0,86.0,90.8,75.7,89.4,61.3,71.5,88.5,87.1,53.400000000000006,95.5,100.0,82.6,100.0,100.0,100.0,74.3,100.0,94.0,92.60000000000001,86.6,90.7,63.800000000000004,100.0,100.0,100.0,67.80000000000001,93.2,85.5,53.5,100.0,86.5,93.89999999999999,100.0,100.0,84.5,100.0,93.8,66.7,100.0,71.6,100.0,100.0,94.6,86.3,86.5,97.8,94.3,65.7,88.6,79.80000000000001,89.60000000000001,100.0,100.0,100.0,91.8,94.89999999999999,92.60000000000001,100.0,100.0,98.6,95.19999999999999,96.1,90.60000000000001,96.8,35.3,36.8
Ganda,23.0,NaN,NaN,NaN,NaN,NaN,NaN,NaN,NaN,NaN,NaN,NaN,NaN,NaN,NaN,NaN,NaN,NaN,NaN,NaN,NaN,NaN,NaN,NaN,NaN,NaN,NaN,NaN,NaN,NaN,NaN,NaN,NaN,NaN,NaN,NaN,NaN,NaN,NaN,NaN,NaN,NaN,NaN,NaN,NaN,NaN,NaN,NaN,NaN,NaN,NaN,NaN,NaN,NaN,NaN,NaN,NaN,NaN,NaN,NaN,NaN,NaN,NaN,NaN,NaN,NaN,NaN,NaN,NaN,NaN,NaN,NaN,NaN,NaN,NaN,NaN,90.2,92.7,100.0,100.0,92.80000000000001,88.0,100.0,100.0,91.5,94.1,100.0,94.19999999999999,100.0,93.5,99.4,90.0,89.9,95.1,92.9,95.0,95.39999999999999,96.6,67.30000000000001,100.0,90.60000000000001,100.0,100.0,100.0,79.0,100.0,92.2,94.5,77.8,97.5,94.89999999999999,100.0,100.0,100.0,86.6,96.5,92.2,67.4,100.0,78.9,85.0,100.0,100.0,94.69999999999999,100.0,98.9,97.89999999999999,100.0,93.89999999999999,100.0,100.0,74.3,90.8,93.10000000000001,85.6,91.2,98.3,78.8,89.2,74.7,100.0,100.0,100.0,81.39999999999999,91.4,84.39999999999999,100.0,100.0,99.1,93.4,64.2,91.9,66.60000000000001,NaN,NaN
Georgian,100.0,NaN,NaN,NaN,NaN,NaN,NaN,NaN,NaN,NaN,NaN,NaN,NaN,NaN,NaN,NaN,NaN,NaN,NaN,NaN,NaN,NaN,NaN,NaN,NaN,NaN,NaN,NaN,NaN,NaN,NaN,NaN,NaN,NaN,NaN,NaN,NaN,NaN,NaN,NaN,NaN,NaN,NaN,NaN,NaN,NaN,NaN,NaN,NaN,NaN,NaN,NaN,NaN,NaN,NaN,NaN,NaN,NaN,NaN,NaN,NaN,NaN,NaN,NaN,NaN,NaN,NaN,NaN,NaN,NaN,NaN,NaN,NaN,NaN,NaN,NaN,100.0,100.0,100.0,100.0,100.0,100.0,100.0,100.0,100.0,100.0,100.0,100.0,100.0,100.0,100.0,100.0,100.0,100.0,100.0,100.0,100.0,100.0,100.0,100.0,100.0,100.0,100.0,100.0,100.0,100.0,100.0,100.0,100.0,100.0,100.0,100.0,100.0,100.0,100.0,100.0,100.0,100.0,100.0,100.0,100.0,100.0,100.0,100.0,100.0,100.0,100.0,100.0,100.0,100.0,100.0,100.0,100.0,100.0,100.0,100.0,100.0,100.0,100.0,100.0,100.0,100.0,100.0,100.0,100.0,100.0,100.0,100.0,100.0,100.0,100.0,100.0,100.0,100.0,NaN
German,26.8,NaN,NaN,NaN,NaN,NaN,NaN,NaN,NaN,NaN,NaN,NaN,NaN,NaN,NaN,NaN,NaN,NaN,NaN,NaN,NaN,NaN,NaN,NaN,NaN,NaN,NaN,NaN,NaN,NaN,NaN,NaN,NaN,NaN,NaN,NaN,NaN,NaN,NaN,NaN,NaN,NaN,NaN,NaN,NaN,NaN,NaN,NaN,NaN,NaN,NaN,NaN,NaN,NaN,NaN,NaN,NaN,NaN,NaN,NaN,NaN,NaN,NaN,NaN,NaN,NaN,NaN,NaN,NaN,NaN,NaN,NaN,NaN,NaN,NaN,NaN,74.5,91.3,100.0,100.0,94.39999999999999,87.2,100.0,100.0,62.0,92.7,100.0,85.8,100.0,92.10000000000001,87.1,61.6,56.599999999999994,73.1,82.19999999999999,88.2,82.89999999999999,85.39999999999999,97.0,100.0,63.7,100.0,100.0,100.0,73.9,100.0,89.3,85.7,84.8,89.3,75.9,100.0,100.0,100.0,85.2,93.7,90.0,58.099999999999994,100.0,85.2,90.0,100.0,100.0,71.3,100.0,92.80000000000001,86.7,100.0,85.9,100.0,100.0,93.30000000000001,90.10000000000001,88.8,98.4,92.30000000000001,85.7,92.30000000000001,68.8,93.10000000000001,100.0,100.0,100.0,92.9,94.69999999999999,85.3,100.0,100.0,98.9,97.0,92.7,91.5,93.10000000000001,44.3,55.00000000000001
Greek,100.0,NaN,NaN,NaN,NaN,NaN,NaN,NaN,NaN,NaN,NaN,NaN,NaN,NaN,NaN,NaN,NaN,NaN,NaN,NaN,NaN,NaN,NaN,NaN,NaN,NaN,NaN,NaN,NaN,NaN,NaN,NaN,NaN,NaN,NaN,NaN,NaN,NaN,NaN,NaN,NaN,NaN,NaN,NaN,NaN,NaN,NaN,NaN,NaN,NaN,NaN,NaN,NaN,NaN,NaN,NaN,NaN,NaN,NaN,NaN,NaN,NaN,NaN,NaN,NaN,NaN,NaN,NaN,NaN,NaN,NaN,NaN,NaN,NaN,NaN,NaN,100.0,100.0,100.0,100.0,100.0,100.0,100.0,100.0,100.0,100.0,100.0,100.0,100.0,100.0,100.0,100.0,100.0,100.0,100.0,100.0,100.0,100.0,100.0,100.0,100.0,100.0,100.0,100.0,100.0,100.0,100.0,100.0,100.0,100.0,100.0,100.0,100.0,100.0,100.0,100.0,100.0,100.0,100.0,100.0,100.0,100.0,100.0,100.0,100.0,100.0,100.0,100.0,100.0,100.0,100.0,100.0,100.0,100.0,100.0,100.0,100.0,100.0,100.0,100.0,100.0,100.0,100.0,100.0,100.0,100.0,100.0,100.0,100.0,100.0,100.0,100.0,100.0,100.0,NaN
Gujarati,99.9,NaN,NaN,NaN,NaN,NaN,NaN,NaN,NaN,NaN,NaN,NaN,NaN,NaN,NaN,NaN,NaN,NaN,NaN,NaN,NaN,NaN,NaN,NaN,NaN,NaN,NaN,NaN,NaN,NaN,NaN,NaN,NaN,NaN,NaN,NaN,NaN,NaN,NaN,NaN,NaN,NaN,NaN,NaN,NaN,NaN,NaN,NaN,NaN,NaN,NaN,NaN,NaN,NaN,NaN,NaN,NaN,NaN,NaN,NaN,NaN,NaN,NaN,NaN,NaN,NaN,NaN,NaN,NaN,NaN,NaN,NaN,NaN,NaN,NaN,NaN,100.0,100.0,100.0,100.0,100.0,100.0,100.0,100.0,100.0,100.0,100.0,100.0,100.0,100.0,100.0,100.0,100.0,100.0,100.0,100.0,100.0,100.0,100.0,100.0,100.0,100.0,100.0,100.0,100.0,100.0,100.0,100.0,100.0,100.0,100.0,100.0,100.0,100.0,100.0,100.0,100.0,100.0,100.0,100.0,100.0,100.0,100.0,100.0,100.0,100.0,100.0,100.0,100.0,100.0,100.0,100.0,100.0,100.0,100.0,100.0,100.0,100.0,100.0,100.0,100.0,100.0,100.0,100.0,100.0,100.0,100.0,100.0,100.0,100.0,100.0,100.0,100.0,100.0,NaN
Hebrew,NaN,NaN,NaN,NaN,NaN,NaN,NaN,NaN,NaN,NaN,NaN,NaN,NaN,NaN,NaN,NaN,NaN,NaN,NaN,NaN,NaN,NaN,NaN,NaN,NaN,NaN,NaN,NaN,NaN,NaN,NaN,NaN,NaN,NaN,NaN,NaN,NaN,NaN,NaN,NaN,NaN,NaN,NaN,NaN,NaN,NaN,NaN,NaN,NaN,NaN,NaN,NaN,NaN,NaN,NaN,NaN,NaN,NaN,NaN,NaN,NaN,NaN,NaN,NaN,NaN,NaN,NaN,NaN,NaN,NaN,NaN,NaN,NaN,NaN,NaN,NaN,100.0,100.0,100.0,100.0,100.0,100.0,100.0,100.0,100.0,100.0,100.0,100.0,100.0,100.0,100.0,100.0,100.0,100.0,100.0,100.0,100.0,100.0,100.0,100.0,100.0,100.0,100.0,100.0,100.0,100.0,100.0,100.0,100.0,100.0,100.0,100.0,100.0,100.0,100.0,100.0,100.0,100.0,100.0,100.0,100.0,100.0,100.0,100.0,100.0,100.0,100.0,100.0,100.0,100.0,100.0,100.0,100.0,100.0,100.0,100.0,100.0,100.0,100.0,100.0,100.0,100.0,100.0,100.0,100.0,100.0,100.0,100.0,100.0,100.0,100.0,100.0,100.0,92.7,NaN
Hindi,55.50000000000001,NaN,NaN,NaN,NaN,NaN,NaN,NaN,NaN,NaN,NaN,NaN,NaN,NaN,NaN,NaN,NaN,NaN,NaN,NaN,NaN,NaN,NaN,NaN,NaN,NaN,NaN,NaN,NaN,NaN,NaN,NaN,NaN,NaN,NaN,NaN,NaN,NaN,NaN,NaN,NaN,NaN,NaN,NaN,NaN,NaN,NaN,NaN,NaN,NaN,NaN,NaN,NaN,NaN,NaN,NaN,NaN,NaN,NaN,NaN,NaN,NaN,NaN,NaN,NaN,NaN,NaN,NaN,NaN,NaN,NaN,NaN,NaN,NaN,NaN,NaN,100.0,100.0,100.0,100.0,100.0,100.0,100.0,100.0,100.0,100.0,100.0,100.0,100.0,100.0,100.0,100.0,100.0,100.0,100.0,100.0,100.0,100.0,100.0,100.0,100.0,100.0,100.0,100.0,63.9,100.0,100.0,100.0,100.0,100.0,100.0,100.0,100.0,100.0,100.0,100.0,100.0,62.3,100.0,100.0,100.0,NaN,100.0,100.0,100.0,100.0,100.0,100.0,100.0,100.0,100.0,100.0,100.0,100.0,100.0,100.0,100.0,100.0,100.0,100.0,100.0,100.0,100.0,100.0,100.0,100.0,100.0,100.0,100.0,100.0,100.0,100.0,100.0,54.0,100.0
Hungarian,40.6,NaN,NaN,NaN,NaN,NaN,NaN,NaN,NaN,NaN,NaN,NaN,NaN,NaN,NaN,NaN,NaN,NaN,NaN,NaN,NaN,NaN,NaN,NaN,NaN,NaN,NaN,NaN,NaN,NaN,NaN,NaN,NaN,NaN,NaN,NaN,NaN,NaN,NaN,NaN,NaN,NaN,NaN,NaN,NaN,NaN,NaN,NaN,NaN,NaN,NaN,NaN,NaN,NaN,NaN,NaN,NaN,NaN,NaN,NaN,NaN,NaN,NaN,NaN,NaN,NaN,NaN,NaN,NaN,NaN,NaN,NaN,NaN,NaN,NaN,NaN,92.2,94.69999999999999,100.0,100.0,98.0,93.4,100.0,100.0,87.2,96.5,100.0,91.5,100.0,95.5,95.5,88.9,93.4,90.3,90.9,93.5,90.7,92.0,93.5,100.0,93.0,100.0,100.0,100.0,86.6,100.0,73.2,96.1,90.8,98.2,90.7,100.0,100.0,100.0,92.80000000000001,97.8,95.39999999999999,81.5,100.0,90.8,93.60000000000001,100.0,100.0,88.5,100.0,97.3,92.60000000000001,100.0,90.0,100.0,100.0,96.1,95.19999999999999,95.1,97.2,90.0,92.7,93.8,90.3,93.4,100.0,100.0,100.0,92.60000000000001,93.8,91.2,100.0,100.0,99.7,95.3,88.7,90.9,92.60000000000001,49.6,NaN
Icelandic,25.5,NaN,NaN,NaN,NaN,NaN,NaN,NaN,NaN,NaN,NaN,NaN,NaN,NaN,NaN,NaN,NaN,NaN,NaN,NaN,NaN,NaN,NaN,NaN,NaN,NaN,NaN,NaN,NaN,NaN,NaN,NaN,NaN,NaN,NaN,NaN,NaN,NaN,NaN,NaN,NaN,NaN,NaN,NaN,NaN,NaN,NaN,NaN,NaN,NaN,NaN,NaN,NaN,NaN,NaN,NaN,NaN,NaN,NaN,NaN,NaN,NaN,NaN,NaN,NaN,NaN,NaN,NaN,NaN,NaN,NaN,NaN,NaN,NaN,NaN,NaN,88.5,91.7,100.0,100.0,87.8,95.6,100.0,100.0,86.4,91.7,100.0,93.10000000000001,100.0,93.30000000000001,93.89999999999999,84.7,88.5,85.5,90.4,84.6,88.9,96.8,93.30000000000001,100.0,91.2,100.0,100.0,100.0,82.8,100.0,97.0,70.19999999999999,86.7,91.5,89.5,100.0,100.0,100.0,90.5,96.2,90.2,78.10000000000001,100.0,85.2,89.7,100.0,100.0,77.7,100.0,94.69999999999999,92.80000000000001,100.0,94.0,100.0,100.0,90.2,93.7,92.80000000000001,96.3,94.1,92.7,91.9,83.7,85.6,100.0,100.0,100.0,92.30000000000001,96.5,89.7,100.0,100.0,99.8,97.6,94.19999999999999,93.8,91.8,NaN,NaN
Indonesian,36.4,NaN,NaN,NaN,NaN,NaN,NaN,NaN,NaN,NaN,NaN,NaN,NaN,NaN,NaN,NaN,NaN,NaN,NaN,NaN,NaN,NaN,NaN,NaN,NaN,NaN,NaN,NaN,NaN,NaN,NaN,NaN,NaN,NaN,NaN,NaN,NaN,NaN,NaN,NaN,NaN,NaN,NaN,NaN,NaN,NaN,NaN,NaN,NaN,NaN,NaN,NaN,NaN,NaN,NaN,NaN,NaN,NaN,NaN,NaN,NaN,NaN,NaN,NaN,NaN,NaN,NaN,NaN,NaN,NaN,NaN,NaN,NaN,NaN,NaN,NaN,84.5,89.5,100.0,100.0,90.4,84.8,100.0,100.0,85.8,90.60000000000001,100.0,77.8,100.0,91.2,93.30000000000001,79.60000000000001,85.0,77.0,76.3,90.8,93.10000000000001,84.1,76.6,100.0,82.39999999999999,100.0,100.0,100.0,39.300000000000004,100.0,92.5,90.2,57.4,97.1,81.0,100.0,100.0,100.0,77.60000000000001,94.89999999999999,90.4,25.900000000000002,100.0,47.8,74.4,100.0,100.0,87.0,100.0,96.89999999999999,81.6,100.0,87.3,100.0,100.0,69.69999999999999,94.89999999999999,89.5,86.0,77.3,88.6,78.60000000000001,85.1,67.0,100.0,100.0,100.0,75.8,79.9,81.6,100.0,100.0,97.89999999999999,93.89999999999999,78.3,81.10000000000001,75.8,42.3,NaN
Irish,29.099999999999998,NaN,NaN,NaN,NaN,NaN,NaN,NaN,NaN,NaN,NaN,NaN,NaN,NaN,NaN,NaN,NaN,NaN,NaN,NaN,NaN,NaN,NaN,NaN,NaN,NaN,NaN,NaN,NaN,NaN,NaN,NaN,NaN,NaN,NaN,NaN,NaN,NaN,NaN,NaN,NaN,NaN,NaN,NaN,NaN,NaN,NaN,NaN,NaN,NaN,NaN,NaN,NaN,NaN,NaN,NaN,NaN,NaN,NaN,NaN,NaN,NaN,NaN,NaN,NaN,NaN,NaN,NaN,NaN,NaN,NaN,NaN,NaN,NaN,NaN,NaN,96.5,95.1,100.0,100.0,96.5,92.80000000000001,100.0,100.0,95.0,95.19999999999999,100.0,91.7,100.0,97.0,96.8,95.1,92.0,88.1,90.4,94.1,90.60000000000001,90.10000000000001,92.9,100.0,89.9,100.0,100.0,100.0,81.89999999999999,100.0,96.5,89.3,93.0,73.7,91.2,100.0,100.0,100.0,90.0,96.3,89.9,74.3,100.0,93.0,95.1,100.0,100.0,93.2,100.0,98.2,91.10000000000001,100.0,90.8,100.0,100.0,82.89999999999999,97.1,97.39999999999999,94.5,94.0,92.5,89.2,89.60000000000001,91.8,100.0,100.0,100.0,92.9,95.5,91.3,100.0,100.0,98.3,92.2,92.9,96.5,93.4,NaN,NaN
Italian,6.9,NaN,NaN,NaN,NaN,NaN,NaN,NaN,NaN,NaN,NaN,NaN,NaN,NaN,NaN,NaN,NaN,NaN,NaN,NaN,NaN,NaN,NaN,NaN,NaN,NaN,NaN,NaN,NaN,NaN,NaN,NaN,NaN,NaN,NaN,NaN,NaN,NaN,NaN,NaN,NaN,NaN,NaN,NaN,NaN,NaN,NaN,NaN,NaN,NaN,NaN,NaN,NaN,NaN,NaN,NaN,NaN,NaN,NaN,NaN,NaN,NaN,NaN,NaN,NaN,NaN,NaN,NaN,NaN,NaN,NaN,NaN,NaN,NaN,NaN,NaN,87.5,89.0,100.0,100.0,92.30000000000001,83.89999999999999,100.0,100.0,82.8,83.1,100.0,65.60000000000001,100.0,82.8,86.9,81.89999999999999,86.6,66.9,70.8,90.10000000000001,87.0,70.19999999999999,91.9,100.0,85.6,100.0,100.0,100.0,69.0,100.0,90.5,89.5,83.8,94.8,46.400000000000006,100.0,100.0,100.0,66.5,95.5,86.9,42.3,100.0,83.1,91.3,100.0,100.0,82.6,100.0,91.0,68.60000000000001,100.0,67.4,100.0,100.0,89.60000000000001,78.8,79.3,97.6,93.5,69.5,85.3,75.0,88.2,100.0,100.0,100.0,91.9,90.60000000000001,84.1,100.0,100.0,98.1,96.89999999999999,93.89999999999999,86.0,95.19999999999999,24.9,68.30000000000001
Japanese,NaN,NaN,NaN,NaN,NaN,NaN,NaN,NaN,NaN,NaN,NaN,NaN,NaN,NaN,NaN,NaN,NaN,NaN,NaN,NaN,NaN,NaN,NaN,NaN,NaN,NaN,NaN,NaN,NaN,NaN,NaN,NaN,NaN,NaN,NaN,NaN,NaN,NaN,NaN,NaN,NaN,NaN,NaN,NaN,NaN,NaN,NaN,NaN,NaN,NaN,NaN,NaN,NaN,NaN,NaN,NaN,NaN,NaN,NaN,NaN,NaN,NaN,NaN,NaN,NaN,NaN,NaN,NaN,NaN,NaN,NaN,NaN,NaN,NaN,NaN,NaN,100.0,100.0,100.0,100.0,100.0,100.0,100.0,100.0,100.0,100.0,100.0,100.0,100.0,100.0,100.0,100.0,100.0,100.0,100.0,100.0,100.0,100.0,100.0,100.0,100.0,100.0,100.0,100.0,100.0,100.0,100.0,100.0,100.0,100.0,100.0,100.0,100.0,100.0,100.0,100.0,100.0,100.0,100.0,100.0,100.0,100.0,100.0,100.0,100.0,100.0,100.0,100.0,100.0,100.0,100.0,100.0,100.0,100.0,100.0,100.0,100.0,100.0,100.0,100.0,100.0,100.0,100.0,100.0,100.0,100.0,100.0,100.0,100.0,100.0,100.0,100.0,100.0,98.72611464968153,98.72611464968153
Kazakh,43.2,NaN,NaN,NaN,NaN,NaN,NaN,NaN,NaN,NaN,NaN,NaN,NaN,NaN,NaN,NaN,NaN,NaN,NaN,NaN,NaN,NaN,NaN,NaN,NaN,NaN,NaN,NaN,NaN,NaN,NaN,NaN,NaN,NaN,NaN,NaN,NaN,NaN,NaN,NaN,NaN,NaN,NaN,NaN,NaN,NaN,NaN,NaN,NaN,NaN,NaN,NaN,NaN,NaN,NaN,NaN,NaN,NaN,NaN,NaN,NaN,NaN,NaN,NaN,NaN,NaN,NaN,NaN,NaN,NaN,NaN,NaN,NaN,NaN,NaN,NaN,100.0,100.0,100.0,100.0,100.0,100.0,88.8,100.0,100.0,100.0,91.0,100.0,100.0,100.0,100.0,100.0,100.0,100.0,100.0,100.0,100.0,100.0,100.0,100.0,100.0,100.0,100.0,100.0,89.3,100.0,100.0,100.0,100.0,100.0,100.0,100.0,86.0,100.0,100.0,100.0,100.0,90.4,92.5,100.0,100.0,100.0,94.69999999999999,100.0,100.0,100.0,100.0,100.0,100.0,90.60000000000001,93.30000000000001,100.0,100.0,100.0,100.0,100.0,100.0,100.0,100.0,100.0,100.0,100.0,100.0,100.0,100.0,100.0,94.19999999999999,100.0,100.0,100.0,100.0,100.0,100.0,NaN,NaN
Korean,100.0,NaN,NaN,NaN,NaN,NaN,NaN,NaN,NaN,NaN,NaN,NaN,NaN,NaN,NaN,NaN,NaN,NaN,NaN,NaN,NaN,NaN,NaN,NaN,NaN,NaN,NaN,NaN,NaN,NaN,NaN,NaN,NaN,NaN,NaN,NaN,NaN,NaN,NaN,NaN,NaN,NaN,NaN,NaN,NaN,NaN,NaN,NaN,NaN,NaN,NaN,NaN,NaN,NaN,NaN,NaN,NaN,NaN,NaN,NaN,NaN,NaN,NaN,NaN,NaN,NaN,NaN,NaN,NaN,NaN,NaN,NaN,NaN,NaN,NaN,NaN,100.0,100.0,100.0,100.0,100.0,100.0,100.0,100.0,100.0,100.0,100.0,100.0,100.0,100.0,100.0,100.0,100.0,100.0,100.0,100.0,100.0,100.0,100.0,100.0,100.0,100.0,100.0,100.0,100.0,100.0,100.0,100.0,100.0,100.0,100.0,100.0,100.0,100.0,100.0,100.0,100.0,100.0,100.0,100.0,100.0,100.0,100.0,100.0,100.0,100.0,100.0,100.0,100.0,100.0,100.0,100.0,100.0,100.0,100.0,100.0,100.0,100.0,100.0,100.0,100.0,100.0,100.0,100.0,100.0,100.0,100.0,100.0,100.0,100.0,100.0,100.0,100.0,100.0,100.0
Latin,8.6,NaN,NaN,NaN,NaN,NaN,NaN,NaN,NaN,NaN,NaN,NaN,NaN,NaN,NaN,NaN,NaN,NaN,NaN,NaN,NaN,NaN,NaN,NaN,NaN,NaN,NaN,NaN,NaN,NaN,NaN,NaN,NaN,NaN,NaN,NaN,NaN,NaN,NaN,NaN,NaN,NaN,NaN,NaN,NaN,NaN,NaN,NaN,NaN,NaN,NaN,NaN,NaN,NaN,NaN,NaN,NaN,NaN,NaN,NaN,NaN,NaN,NaN,NaN,NaN,NaN,NaN,NaN,NaN,NaN,NaN,NaN,NaN,NaN,NaN,NaN,88.8,90.3,100.0,100.0,94.19999999999999,85.6,100.0,100.0,87.7,88.8,100.0,73.9,100.0,87.3,89.7,85.0,89.3,77.9,75.8,86.9,91.60000000000001,79.80000000000001,91.4,100.0,83.0,100.0,100.0,100.0,72.39999999999999,100.0,93.7,91.3,85.7,95.3,75.8,100.0,100.0,100.0,42.1,97.0,88.1,49.7,100.0,85.9,89.4,100.0,100.0,88.5,100.0,92.30000000000001,78.4,100.0,75.3,100.0,100.0,92.0,84.8,83.7,97.89999999999999,94.3,77.60000000000001,85.9,85.5,89.7,100.0,100.0,100.0,92.4,93.60000000000001,87.2,100.0,100.0,98.9,96.5,95.8,88.8,94.19999999999999,36.7,NaN
Latvian,33.2,NaN,NaN,NaN,NaN,NaN,NaN,NaN,NaN,NaN,NaN,NaN,NaN,NaN,NaN,NaN,NaN,NaN,NaN,NaN,NaN,NaN,NaN,NaN,NaN,NaN,NaN,NaN,NaN,NaN,NaN,NaN,NaN,NaN,NaN,NaN,NaN,NaN,NaN,NaN,NaN,NaN,NaN,NaN,NaN,NaN,NaN,NaN,NaN,NaN,NaN,NaN,NaN,NaN,NaN,NaN,NaN,NaN,NaN,NaN,NaN,NaN,NaN,NaN,NaN,NaN,NaN,NaN,NaN,NaN,NaN,NaN,NaN,NaN,NaN,NaN,91.7,97.2,100.0,100.0,97.5,96.39999999999999,100.0,100.0,94.5,90.8,100.0,90.3,100.0,91.8,93.30000000000001,94.89999999999999,96.1,91.8,88.2,91.5,93.30000000000001,92.0,93.89999999999999,100.0,95.39999999999999,100.0,100.0,100.0,84.8,100.0,97.2,96.39999999999999,94.5,97.6,91.3,100.0,100.0,100.0,91.7,75.9,85.6,78.0,100.0,94.8,94.39999999999999,100.0,100.0,91.0,100.0,90.8,90.0,100.0,93.0,100.0,100.0,93.89999999999999,88.3,91.5,96.5,96.1,88.8,92.7,92.4,92.60000000000001,100.0,100.0,100.0,95.3,96.89999999999999,94.89999999999999,100.0,100.0,100.0,98.5,96.8,96.2,96.39999999999999,70.3,NaN
Lithuanian,29.7,NaN,NaN,NaN,NaN,NaN,NaN,NaN,NaN,NaN,NaN,NaN,NaN,NaN,NaN,NaN,NaN,NaN,NaN,NaN,NaN,NaN,NaN,NaN,NaN,NaN,NaN,NaN,NaN,NaN,NaN,NaN,NaN,NaN,NaN,NaN,NaN,NaN,NaN,NaN,NaN,NaN,NaN,NaN,NaN,NaN,NaN,NaN,NaN,NaN,NaN,NaN,NaN,NaN,NaN,NaN,NaN,NaN,NaN,NaN,NaN,NaN,NaN,NaN,NaN,NaN,NaN,NaN,NaN,NaN,NaN,NaN,NaN,NaN,NaN,NaN,93.30000000000001,94.19999999999999,100.0,100.0,89.5,92.7,100.0,100.0,92.5,85.3,100.0,87.2,100.0,87.0,90.7,91.8,93.89999999999999,89.7,83.5,91.3,92.7,89.9,92.7,100.0,94.69999999999999,100.0,100.0,100.0,86.4,100.0,93.5,91.8,87.7,98.0,86.8,100.0,100.0,100.0,84.7,86.1,71.1,77.7,100.0,89.8,91.9,100.0,100.0,88.8,100.0,91.3,87.8,100.0,85.5,100.0,100.0,90.5,86.0,86.1,95.7,92.9,86.8,80.9,90.5,85.8,100.0,100.0,100.0,92.7,94.89999999999999,84.39999999999999,100.0,100.0,99.3,98.8,93.2,91.9,91.0,59.099999999999994,NaN
Macedonian,27.3,NaN,NaN,NaN,NaN,NaN,NaN,NaN,NaN,NaN,NaN,NaN,NaN,NaN,NaN,NaN,NaN,NaN,NaN,NaN,NaN,NaN,NaN,NaN,NaN,NaN,NaN,NaN,NaN,NaN,NaN,NaN,NaN,NaN,NaN,NaN,NaN,NaN,NaN,NaN,NaN,NaN,NaN,NaN,NaN,NaN,NaN,NaN,NaN,NaN,NaN,NaN,NaN,NaN,NaN,NaN,NaN,NaN,NaN,NaN,NaN,NaN,NaN,NaN,NaN,NaN,NaN,NaN,NaN,NaN,NaN,NaN,NaN,NaN,NaN,NaN,100.0,100.0,100.0,100.0,100.0,100.0,87.4,100.0,100.0,100.0,59.599999999999994,100.0,100.0,100.0,100.0,100.0,100.0,100.0,100.0,100.0,100.0,100.0,100.0,100.0,100.0,100.0,100.0,100.0,65.7,100.0,100.0,100.0,100.0,100.0,100.0,100.0,90.9,100.0,100.0,100.0,100.0,52.0,57.9,100.0,100.0,100.0,97.39999999999999,100.0,100.0,100.0,100.0,100.0,100.0,75.9,68.5,100.0,100.0,100.0,100.0,100.0,100.0,100.0,100.0,100.0,100.0,100.0,100.0,100.0,100.0,100.0,79.9,100.0,100.0,100.0,100.0,100.0,100.0,43.7,NaN
Malay,9.1,NaN,NaN,NaN,NaN,NaN,NaN,NaN,NaN,NaN,NaN,NaN,NaN,NaN,NaN,NaN,NaN,NaN,NaN,NaN,NaN,NaN,NaN,NaN,NaN,NaN,NaN,NaN,NaN,NaN,NaN,NaN,NaN,NaN,NaN,NaN,NaN,NaN,NaN,NaN,NaN,NaN,NaN,NaN,NaN,NaN,NaN,NaN,NaN,NaN,NaN,NaN,NaN,NaN,NaN,NaN,NaN,NaN,NaN,NaN,NaN,NaN,NaN,NaN,NaN,NaN,NaN,NaN,NaN,NaN,NaN,NaN,NaN,NaN,NaN,NaN,87.4,89.7,100.0,100.0,90.8,86.0,100.0,100.0,88.1,89.8,100.0,81.8,100.0,91.2,93.60000000000001,82.39999999999999,87.6,79.2,80.9,90.2,91.5,86.0,80.0,100.0,85.9,100.0,100.0,100.0,26.0,100.0,94.0,91.2,51.800000000000004,96.6,82.69999999999999,100.0,100.0,100.0,83.3,94.0,88.9,21.9,100.0,44.7,74.6,100.0,100.0,87.8,100.0,96.7,84.3,100.0,88.5,100.0,100.0,73.4,93.2,89.60000000000001,85.3,81.5,88.6,77.9,87.2,69.3,100.0,100.0,100.0,78.0,82.5,83.1,100.0,100.0,98.0,93.4,81.39999999999999,82.0,79.3,NaN,NaN
Maori,12.0,NaN,NaN,NaN,NaN,NaN,NaN,NaN,NaN,NaN,NaN,NaN,NaN,NaN,NaN,NaN,NaN,NaN,NaN,NaN,NaN,NaN,NaN,NaN,NaN,NaN,NaN,NaN,NaN,NaN,NaN,NaN,NaN,NaN,NaN,NaN,NaN,NaN,NaN,NaN,NaN,NaN,NaN,NaN,NaN,NaN,NaN,NaN,NaN,NaN,NaN,NaN,NaN,NaN,NaN,NaN,NaN,NaN,NaN,NaN,NaN,NaN,NaN,NaN,NaN,NaN,NaN,NaN,NaN,NaN,NaN,NaN,NaN,NaN,NaN,NaN,94.6,81.5,100.0,100.0,93.4,85.6,100.0,100.0,93.4,88.9,100.0,97.8,100.0,88.2,98.6,93.5,94.19999999999999,87.9,89.8,97.89999999999999,99.0,94.1,69.39999999999999,100.0,94.19999999999999,100.0,100.0,100.0,84.39999999999999,100.0,96.2,94.3,64.2,93.5,90.10000000000001,100.0,100.0,100.0,93.30000000000001,95.1,89.5,65.4,100.0,64.5,68.4,100.0,100.0,93.30000000000001,100.0,98.7,92.60000000000001,100.0,91.4,100.0,100.0,65.7,97.0,98.6,89.5,80.4,92.4,73.7,93.7,65.7,100.0,100.0,100.0,66.7,81.10000000000001,91.60000000000001,100.0,100.0,98.6,96.5,78.4,85.6,77.3,NaN,NaN
Marathi,65.0,NaN,NaN,NaN,NaN,NaN,NaN,NaN,NaN,NaN,NaN,NaN,NaN,NaN,NaN,NaN,NaN,NaN,NaN,NaN,NaN,NaN,NaN,NaN,NaN,NaN,NaN,NaN,NaN,NaN,NaN,NaN,NaN,NaN,NaN,NaN,NaN,NaN,NaN,NaN,NaN,NaN,NaN,NaN,NaN,NaN,NaN,NaN,NaN,NaN,NaN,NaN,NaN,NaN,NaN,NaN,NaN,NaN,NaN,NaN,NaN,NaN,NaN,NaN,NaN,NaN,NaN,NaN,NaN,NaN,NaN,NaN,NaN,NaN,NaN,NaN,100.0,100.0,100.0,100.0,100.0,100.0,100.0,100.0,100.0,100.0,100.0,100.0,100.0,100.0,100.0,100.0,100.0,100.0,100.0,100.0,100.0,100.0,100.0,100.0,100.0,100.0,100.0,100.0,69.6,0.1,100.0,100.0,100.0,100.0,100.0,100.0,100.0,100.0,100.0,100.0,100.0,67.30000000000001,100.0,100.0,100.0,99.9,100.0,100.0,100.0,100.0,100.0,100.0,100.0,100.0,100.0,100.0,100.0,100.0,100.0,100.0,100.0,100.0,100.0,100.0,100.0,100.0,100.0,100.0,100.0,100.0,100.0,100.0,100.0,100.0,100.0,100.0,100.0,59.5,NaN
Mongolian,43.4,NaN,NaN,NaN,NaN,NaN,NaN,NaN,NaN,NaN,NaN,NaN,NaN,NaN,NaN,NaN,NaN,NaN,NaN,NaN,NaN,NaN,NaN,NaN,NaN,NaN,NaN,NaN,NaN,NaN,NaN,NaN,NaN,NaN,NaN,NaN,NaN,NaN,NaN,NaN,NaN,NaN,NaN,NaN,NaN,NaN,NaN,NaN,NaN,NaN,NaN,NaN,NaN,NaN,NaN,NaN,NaN,NaN,NaN,NaN,NaN,NaN,NaN,NaN,NaN,NaN,NaN,NaN,NaN,NaN,NaN,NaN,NaN,NaN,NaN,NaN,100.0,100.0,100.0,100.0,100.0,100.0,90.60000000000001,100.0,100.0,100.0,96.89999999999999,100.0,100.0,100.0,100.0,100.0,100.0,100.0,100.0,100.0,100.0,100.0,100.0,100.0,100.0,100.0,100.0,100.0,92.5,100.0,100.0,100.0,100.0,100.0,100.0,100.0,91.2,100.0,100.0,100.0,100.0,92.0,97.0,100.0,100.0,100.0,86.1,100.0,100.0,100.0,100.0,100.0,100.0,96.89999999999999,98.3,100.0,100.0,100.0,100.0,100.0,100.0,100.0,100.0,100.0,100.0,100.0,100.0,100.0,100.0,100.0,96.1,100.0,100.0,100.0,100.0,100.0,100.0,NaN,NaN
Nynorsk,18.2,NaN,NaN,NaN,NaN,NaN,NaN,NaN,NaN,NaN,NaN,NaN,NaN,NaN,NaN,NaN,NaN,NaN,NaN,NaN,NaN,NaN,NaN,NaN,NaN,NaN,NaN,NaN,NaN,NaN,NaN,NaN,NaN,NaN,NaN,NaN,NaN,NaN,NaN,NaN,NaN,NaN,NaN,NaN,NaN,NaN,NaN,NaN,NaN,NaN,NaN,NaN,NaN,NaN,NaN,NaN,NaN,NaN,NaN,NaN,NaN,NaN,NaN,NaN,NaN,NaN,NaN,NaN,NaN,NaN,NaN,NaN,NaN,NaN,NaN,NaN,76.6,90.0,100.0,100.0,90.3,88.3,100.0,100.0,65.3,86.6,100.0,83.3,100.0,86.8,87.1,68.8,77.4,72.8,78.4,83.6,83.2,84.1,91.5,100.0,80.0,100.0,100.0,100.0,40.8,100.0,88.7,74.9,78.5,95.8,79.80000000000001,100.0,100.0,100.0,86.2,95.39999999999999,88.6,25.2,100.0,78.9,84.1,100.0,100.0,41.5,100.0,92.80000000000001,85.1,100.0,82.89999999999999,100.0,100.0,90.7,84.1,84.8,96.0,86.4,85.5,87.3,74.4,84.39999999999999,100.0,100.0,100.0,87.9,90.7,83.7,100.0,100.0,98.9,95.0,89.8,89.3,87.3,NaN,NaN
Persian,12.6,NaN,NaN,NaN,NaN,NaN,NaN,NaN,NaN,NaN,NaN,NaN,NaN,NaN,NaN,NaN,NaN,NaN,NaN,NaN,NaN,NaN,NaN,NaN,NaN,NaN,NaN,NaN,NaN,NaN,NaN,NaN,NaN,NaN,NaN,NaN,NaN,NaN,NaN,NaN,NaN,NaN,NaN,NaN,NaN,NaN,NaN,NaN,NaN,NaN,NaN,NaN,NaN,NaN,NaN,NaN,NaN,NaN,NaN,NaN,NaN,NaN,NaN,NaN,NaN,NaN,NaN,NaN,NaN,NaN,NaN,NaN,NaN,NaN,NaN,NaN,100.0,100.0,94.3,100.0,100.0,100.0,100.0,100.0,100.0,100.0,100.0,100.0,100.0,100.0,100.0,100.0,100.0,100.0,100.0,100.0,100.0,100.0,100.0,100.0,100.0,100.0,100.0,100.0,77.60000000000001,100.0,100.0,100.0,100.0,100.0,100.0,100.0,100.0,100.0,100.0,100.0,100.0,72.89999999999999,100.0,100.0,100.0,100.0,100.0,100.0,58.699999999999996,100.0,100.0,100.0,100.0,100.0,100.0,100.0,100.0,100.0,100.0,100.0,100.0,100.0,100.0,100.0,100.0,100.0,100.0,100.0,100.0,100.0,100.0,83.3,100.0,100.0,100.0,100.0,100.0,49.1,NaN
Polish,37.5,NaN,NaN,NaN,NaN,NaN,NaN,NaN,NaN,NaN,NaN,NaN,NaN,NaN,NaN,NaN,NaN,NaN,NaN,NaN,NaN,NaN,NaN,NaN,NaN,NaN,NaN,NaN,NaN,NaN,NaN,NaN,NaN,NaN,NaN,NaN,NaN,NaN,NaN,NaN,NaN,NaN,NaN,NaN,NaN,NaN,NaN,NaN,NaN,NaN,NaN,NaN,NaN,NaN,NaN,NaN,NaN,NaN,NaN,NaN,NaN,NaN,NaN,NaN,NaN,NaN,NaN,NaN,NaN,NaN,NaN,NaN,NaN,NaN,NaN,NaN,88.0,96.5,100.0,100.0,97.3,93.2,100.0,100.0,95.0,87.2,100.0,87.8,100.0,89.4,83.39999999999999,94.5,94.5,90.2,84.6,91.3,93.0,93.89999999999999,94.8,100.0,93.7,100.0,100.0,100.0,85.39999999999999,100.0,94.19999999999999,94.39999999999999,90.8,96.89999999999999,86.8,100.0,100.0,100.0,91.7,88.0,90.9,79.80000000000001,100.0,91.7,94.8,100.0,100.0,90.9,100.0,74.9,88.7,100.0,91.2,100.0,100.0,91.5,75.6,80.10000000000001,96.7,96.0,88.4,91.10000000000001,93.30000000000001,95.1,100.0,100.0,100.0,92.4,95.0,94.5,100.0,100.0,98.3,98.2,97.7,96.8,94.1,64.4,NaN
Portuguese,19.900000000000002,NaN,NaN,NaN,NaN,NaN,NaN,NaN,NaN,NaN,NaN,NaN,NaN,NaN,NaN,NaN,NaN,NaN,NaN,NaN,NaN,NaN,NaN,NaN,NaN,NaN,NaN,NaN,NaN,NaN,NaN,NaN,NaN,NaN,NaN,NaN,NaN,NaN,NaN,NaN,NaN,NaN,NaN,NaN,NaN,NaN,NaN,NaN,NaN,NaN,NaN,NaN,NaN,NaN,NaN,NaN,NaN,NaN,NaN,NaN,NaN,NaN,NaN,NaN,NaN,NaN,NaN,NaN,NaN,NaN,NaN,NaN,NaN,NaN,NaN,NaN,89.3,91.5,100.0,100.0,94.69999999999999,89.3,100.0,100.0,88.4,82.6,100.0,65.10000000000001,100.0,86.4,87.8,85.39999999999999,89.2,74.2,71.2,89.3,90.8,74.7,93.7,100.0,87.8,100.0,100.0,100.0,59.099999999999994,100.0,93.7,89.2,83.1,97.89999999999999,71.7,100.0,100.0,100.0,78.0,97.8,87.8,42.4,100.0,84.8,94.39999999999999,100.0,100.0,85.7,100.0,91.8,45.5,100.0,72.8,100.0,100.0,94.0,83.1,82.19999999999999,95.3,92.80000000000001,59.8,92.10000000000001,82.19999999999999,90.7,100.0,100.0,100.0,93.10000000000001,93.89999999999999,87.9,100.0,100.0,96.7,98.6,94.8,93.5,95.8,30.2,42.6
Punjabi,100.0,NaN,NaN,NaN,NaN,NaN,NaN,NaN,NaN,NaN,NaN,NaN,NaN,NaN,NaN,NaN,NaN,NaN,NaN,NaN,NaN,NaN,NaN,NaN,NaN,NaN,NaN,NaN,NaN,NaN,NaN,NaN,NaN,NaN,NaN,NaN,NaN,NaN,NaN,NaN,NaN,NaN,NaN,NaN,NaN,NaN,NaN,NaN,NaN,NaN,NaN,NaN,NaN,NaN,NaN,NaN,NaN,NaN,NaN,NaN,NaN,NaN,NaN,NaN,NaN,NaN,NaN,NaN,NaN,NaN,NaN,NaN,NaN,NaN,NaN,NaN,100.0,100.0,100.0,100.0,100.0,100.0,100.0,100.0,100.0,100.0,100.0,100.0,100.0,100.0,100.0,100.0,100.0,100.0,100.0,100.0,100.0,100.0,100.0,100.0,100.0,100.0,100.0,100.0,100.0,100.0,100.0,100.0,100.0,100.0,100.0,100.0,100.0,100.0,100.0,100.0,100.0,100.0,100.0,100.0,100.0,100.0,100.0,100.0,100.0,100.0,100.0,100.0,100.0,100.0,100.0,100.0,100.0,100.0,100.0,100.0,100.0,100.0,100.0,100.0,100.0,100.0,100.0,100.0,100.0,100.0,100.0,100.0,100.0,100.0,100.0,100.0,100.0,100.0,NaN
Romanian,11.1,NaN,NaN,NaN,NaN,NaN,NaN,NaN,NaN,NaN,NaN,NaN,NaN,NaN,NaN,NaN,NaN,NaN,NaN,NaN,NaN,NaN,NaN,NaN,NaN,NaN,NaN,NaN,NaN,NaN,NaN,NaN,NaN,NaN,NaN,NaN,NaN,NaN,NaN,NaN,NaN,NaN,NaN,NaN,NaN,NaN,NaN,NaN,NaN,NaN,NaN,NaN,NaN,NaN,NaN,NaN,NaN,NaN,NaN,NaN,NaN,NaN,NaN,NaN,NaN,NaN,NaN,NaN,NaN,NaN,NaN,NaN,NaN,NaN,NaN,NaN,90.10000000000001,92.2,100.0,100.0,92.5,84.89999999999999,100.0,100.0,88.0,87.0,100.0,74.8,100.0,86.7,90.0,85.6,89.4,73.0,77.2,90.5,94.8,79.2,91.8,100.0,86.4,100.0,100.0,100.0,68.8,100.0,89.60000000000001,93.0,85.2,88.3,72.2,100.0,100.0,100.0,76.6,96.1,83.6,51.2,100.0,85.0,89.60000000000001,100.0,100.0,87.7,100.0,93.4,76.1,100.0,58.8,100.0,100.0,91.8,82.39999999999999,84.8,95.5,87.6,77.10000000000001,87.3,87.6,87.6,100.0,100.0,100.0,88.7,89.1,80.30000000000001,100.0,100.0,99.1,97.8,92.10000000000001,76.7,88.8,44.800000000000004,NaN
Russian,26.3,NaN,NaN,NaN,NaN,NaN,NaN,NaN,NaN,NaN,NaN,NaN,NaN,NaN,NaN,NaN,NaN,NaN,NaN,NaN,NaN,NaN,NaN,NaN,NaN,NaN,NaN,NaN,NaN,NaN,NaN,NaN,NaN,NaN,NaN,NaN,NaN,NaN,NaN,NaN,NaN,NaN,NaN,NaN,NaN,NaN,NaN,NaN,NaN,NaN,NaN,NaN,NaN,NaN,NaN,NaN,NaN,NaN,NaN,NaN,NaN,NaN,NaN,NaN,NaN,NaN,NaN,NaN,NaN,NaN,NaN,NaN,NaN,NaN,NaN,NaN,100.0,100.0,100.0,100.0,100.0,100.0,89.1,100.0,100.0,100.0,74.2,100.0,100.0,100.0,100.0,100.0,100.0,100.0,100.0,100.0,100.0,100.0,100.0,100.0,100.0,100.0,100.0,100.0,76.5,100.0,100.0,100.0,100.0,100.0,100.0,100.0,92.5,100.0,100.0,100.0,100.0,61.9,76.9,100.0,100.0,100.0,96.8,100.0,100.0,100.0,100.0,100.0,100.0,48.199999999999996,75.8,100.0,100.0,100.0,100.0,100.0,100.0,100.0,100.0,100.0,100.0,100.0,100.0,100.0,100.0,100.0,78.3,100.0,100.0,100.0,100.0,100.0,100.0,51.5,100.0
Serbian,29.4,NaN,NaN,NaN,NaN,NaN,NaN,NaN,NaN,NaN,NaN,NaN,NaN,NaN,NaN,NaN,NaN,NaN,NaN,NaN,NaN,NaN,NaN,NaN,NaN,NaN,NaN,NaN,NaN,NaN,NaN,NaN,NaN,NaN,NaN,NaN,NaN,NaN,NaN,NaN,NaN,NaN,NaN,NaN,NaN,NaN,NaN,NaN,NaN,NaN,NaN,NaN,NaN,NaN,NaN,NaN,NaN,NaN,NaN,NaN,NaN,NaN,NaN,NaN,NaN,NaN,NaN,NaN,NaN,NaN,NaN,NaN,NaN,NaN,NaN,NaN,100.0,100.0,100.0,100.0,100.0,100.0,86.6,100.0,100.0,100.0,73.7,100.0,100.0,100.0,100.0,100.0,100.0,100.0,100.0,100.0,100.0,100.0,100.0,100.0,100.0,100.0,100.0,100.0,73.5,100.0,100.0,100.0,100.0,100.0,100.0,100.0,90.7,100.0,100.0,100.0,100.0,64.0,69.89999999999999,100.0,100.0,100.0,96.8,100.0,100.0,100.0,100.0,100.0,100.0,77.10000000000001,57.699999999999996,100.0,100.0,100.0,100.0,100.0,100.0,100.0,100.0,100.0,100.0,100.0,100.0,100.0,100.0,100.0,82.8,100.0,100.0,100.0,100.0,100.0,100.0,46.5,NaN
Shona,23.9,NaN,NaN,NaN,NaN,NaN,NaN,NaN,NaN,NaN,NaN,NaN,NaN,NaN,NaN,NaN,NaN,NaN,NaN,NaN,NaN,NaN,NaN,NaN,NaN,NaN,NaN,NaN,NaN,NaN,NaN,NaN,NaN,NaN,NaN,NaN,NaN,NaN,NaN,NaN,NaN,NaN,NaN,NaN,NaN,NaN,NaN,NaN,NaN,NaN,NaN,NaN,NaN,NaN,NaN,NaN,NaN,NaN,NaN,NaN,NaN,NaN,NaN,NaN,NaN,NaN,NaN,NaN,NaN,NaN,NaN,NaN,NaN,NaN,NaN,NaN,88.2,88.6,100.0,100.0,90.9,88.6,100.0,100.0,87.3,93.89999999999999,100.0,91.8,100.0,91.5,94.89999999999999,87.3,88.1,88.1,90.3,93.2,96.1,93.0,67.5,100.0,85.2,100.0,100.0,100.0,77.8,100.0,93.10000000000001,88.0,69.89999999999999,87.6,84.1,100.0,100.0,100.0,86.9,89.60000000000001,91.10000000000001,59.199999999999996,100.0,69.3,72.5,100.0,100.0,90.0,100.0,93.30000000000001,93.0,100.0,90.3,100.0,100.0,63.4,91.10000000000001,94.3,87.4,83.7,92.9,64.5,86.4,73.5,100.0,100.0,100.0,72.39999999999999,84.89999999999999,87.8,100.0,100.0,97.0,95.0,79.5,90.2,81.39999999999999,55.800000000000004,NaN
Slovak,37.7,NaN,NaN,NaN,NaN,NaN,NaN,NaN,NaN,NaN,NaN,NaN,NaN,NaN,NaN,NaN,NaN,NaN,NaN,NaN,NaN,NaN,NaN,NaN,NaN,NaN,NaN,NaN,NaN,NaN,NaN,NaN,NaN,NaN,NaN,NaN,NaN,NaN,NaN,NaN,NaN,NaN,NaN,NaN,NaN,NaN,NaN,NaN,NaN,NaN,NaN,NaN,NaN,NaN,NaN,NaN,NaN,NaN,NaN,NaN,NaN,NaN,NaN,NaN,NaN,NaN,NaN,NaN,NaN,NaN,NaN,NaN,NaN,NaN,NaN,NaN,92.30000000000001,95.89999999999999,100.0,100.0,98.6,94.19999999999999,100.0,100.0,93.7,81.69999999999999,100.0,90.5,100.0,86.1,76.5,93.0,92.7,91.7,85.8,89.8,92.60000000000001,92.60000000000001,94.69999999999999,100.0,92.5,100.0,100.0,100.0,64.0,100.0,94.89999999999999,95.5,93.10000000000001,97.3,87.3,100.0,100.0,100.0,90.60000000000001,93.60000000000001,90.3,53.800000000000004,100.0,92.80000000000001,96.3,100.0,100.0,91.4,100.0,89.5,87.7,100.0,89.2,100.0,100.0,92.7,51.1,77.2,97.3,96.39999999999999,90.4,92.10000000000001,91.9,94.5,100.0,100.0,100.0,94.89999999999999,97.6,93.4,100.0,100.0,98.2,98.8,97.1,94.89999999999999,95.3,40.0,NaN
Slovene,8.5,NaN,NaN,NaN,NaN,NaN,NaN,NaN,NaN,NaN,NaN,NaN,NaN,NaN,NaN,NaN,NaN,NaN,NaN,NaN,NaN,NaN,NaN,NaN,NaN,NaN,NaN,NaN,NaN,NaN,NaN,NaN,NaN,NaN,NaN,NaN,NaN,NaN,NaN,NaN,NaN,NaN,NaN,NaN,NaN,NaN,NaN,NaN,NaN,NaN,NaN,NaN,NaN,NaN,NaN,NaN,NaN,NaN,NaN,NaN,NaN,NaN,NaN,NaN,NaN,NaN,NaN,NaN,NaN,NaN,NaN,NaN,NaN,NaN,NaN,NaN,93.8,95.7,100.0,100.0,97.5,94.5,100.0,100.0,93.60000000000001,70.6,100.0,88.4,100.0,70.19999999999999,83.7,92.9,94.19999999999999,91.2,84.6,85.2,93.4,92.80000000000001,93.10000000000001,100.0,94.6,100.0,100.0,100.0,61.199999999999996,100.0,94.6,93.30000000000001,90.10000000000001,99.3,84.1,100.0,100.0,100.0,91.10000000000001,94.69999999999999,89.8,41.699999999999996,100.0,90.9,94.89999999999999,100.0,100.0,88.3,100.0,90.3,85.9,100.0,87.7,100.0,100.0,92.4,71.3,44.5,96.39999999999999,94.6,90.0,91.3,93.60000000000001,92.9,100.0,100.0,100.0,93.8,95.39999999999999,91.4,100.0,100.0,99.0,98.3,95.8,91.60000000000001,95.19999999999999,29.799999999999997,NaN
Somali,26.900000000000002,NaN,NaN,NaN,NaN,NaN,NaN,NaN,NaN,NaN,NaN,NaN,NaN,NaN,NaN,NaN,NaN,NaN,NaN,NaN,NaN,NaN,NaN,NaN,NaN,NaN,NaN,NaN,NaN,NaN,NaN,NaN,NaN,NaN,NaN,NaN,NaN,NaN,NaN,NaN,NaN,NaN,NaN,NaN,NaN,NaN,NaN,NaN,NaN,NaN,NaN,NaN,NaN,NaN,NaN,NaN,NaN,NaN,NaN,NaN,NaN,NaN,NaN,NaN,NaN,NaN,NaN,NaN,NaN,NaN,NaN,NaN,NaN,NaN,NaN,NaN,85.1,94.0,100.0,100.0,89.5,95.39999999999999,100.0,100.0,98.0,85.1,100.0,95.19999999999999,100.0,94.8,97.39999999999999,97.39999999999999,85.39999999999999,97.6,91.2,94.19999999999999,86.8,96.6,80.80000000000001,100.0,98.4,100.0,100.0,100.0,81.69999999999999,100.0,96.2,96.0,80.2,97.6,91.9,100.0,100.0,100.0,93.30000000000001,95.8,88.8,69.1,100.0,80.60000000000001,86.3,100.0,100.0,94.8,100.0,97.0,87.9,100.0,94.1,100.0,100.0,90.60000000000001,93.4,92.5,64.1,93.7,89.2,82.3,95.19999999999999,75.6,100.0,100.0,100.0,90.60000000000001,94.8,88.0,100.0,100.0,99.6,96.2,90.9,89.4,90.2,NaN,NaN
Sotho,12.6,NaN,NaN,NaN,NaN,NaN,NaN,NaN,NaN,NaN,NaN,NaN,NaN,NaN,NaN,NaN,NaN,NaN,NaN,NaN,NaN,NaN,NaN,NaN,NaN,NaN,NaN,NaN,NaN,NaN,NaN,NaN,NaN,NaN,NaN,NaN,NaN,NaN,NaN,NaN,NaN,NaN,NaN,NaN,NaN,NaN,NaN,NaN,NaN,NaN,NaN,NaN,NaN,NaN,NaN,NaN,NaN,NaN,NaN,NaN,NaN,NaN,NaN,NaN,NaN,NaN,NaN,NaN,NaN,NaN,NaN,NaN,NaN,NaN,NaN,NaN,89.3,97.89999999999999,100.0,100.0,94.19999999999999,93.60000000000001,100.0,100.0,90.9,95.19999999999999,100.0,94.0,100.0,95.1,97.5,92.80000000000001,94.39999999999999,86.7,92.60000000000001,92.10000000000001,89.60000000000001,93.2,88.0,100.0,93.5,100.0,100.0,100.0,66.60000000000001,100.0,87.5,95.6,68.5,91.3,87.6,100.0,100.0,100.0,92.80000000000001,96.39999999999999,95.8,45.9,100.0,71.8,80.4,100.0,100.0,91.3,100.0,98.1,94.5,100.0,87.5,100.0,100.0,82.69999999999999,94.19999999999999,97.2,90.60000000000001,57.8,94.8,86.6,93.60000000000001,72.89999999999999,100.0,100.0,100.0,70.6,51.5,81.0,100.0,100.0,96.5,88.6,73.7,82.69999999999999,76.1,NaN,NaN
Spanish,12.0,NaN,NaN,NaN,NaN,NaN,NaN,NaN,NaN,NaN,NaN,NaN,NaN,NaN,NaN,NaN,NaN,NaN,NaN,NaN,NaN,NaN,NaN,NaN,NaN,NaN,NaN,NaN,NaN,NaN,NaN,NaN,NaN,NaN,NaN,NaN,NaN,NaN,NaN,NaN,NaN,NaN,NaN,NaN,NaN,NaN,NaN,NaN,NaN,NaN,NaN,NaN,NaN,NaN,NaN,NaN,NaN,NaN,NaN,NaN,NaN,NaN,NaN,NaN,NaN,NaN,NaN,NaN,NaN,NaN,NaN,NaN,NaN,NaN,NaN,NaN,87.9,92.80000000000001,100.0,100.0,94.6,87.3,100.0,100.0,86.0,84.1,100.0,63.6,100.0,87.5,89.3,84.5,87.8,75.6,71.1,89.5,91.2,69.5,91.4,100.0,88.4,100.0,100.0,100.0,43.6,100.0,94.1,90.4,81.69999999999999,95.5,70.0,100.0,100.0,100.0,73.6,92.9,86.1,25.900000000000002,100.0,83.89999999999999,91.3,100.0,100.0,84.7,100.0,91.8,59.0,100.0,73.8,100.0,100.0,91.9,83.3,84.0,94.39999999999999,93.8,45.300000000000004,90.7,81.69999999999999,89.7,100.0,100.0,100.0,91.3,94.1,89.5,100.0,100.0,98.1,96.0,94.0,94.0,93.89999999999999,18.2,35.0
Swahili,15.8,NaN,NaN,NaN,NaN,NaN,NaN,NaN,NaN,NaN,NaN,NaN,NaN,NaN,NaN,NaN,NaN,NaN,NaN,NaN,NaN,NaN,NaN,NaN,NaN,NaN,NaN,NaN,NaN,NaN,NaN,NaN,NaN,NaN,NaN,NaN,NaN,NaN,NaN,NaN,NaN,NaN,NaN,NaN,NaN,NaN,NaN,NaN,NaN,NaN,NaN,NaN,NaN,NaN,NaN,NaN,NaN,NaN,NaN,NaN,NaN,NaN,NaN,NaN,NaN,NaN,NaN,NaN,NaN,NaN,NaN,NaN,NaN,NaN,NaN,NaN,90.60000000000001,85.6,100.0,100.0,92.9,93.4,100.0,100.0,90.7,89.60000000000001,100.0,90.7,100.0,91.7,96.5,90.8,92.5,88.3,84.8,92.60000000000001,93.8,93.0,71.1,100.0,88.8,100.0,100.0,100.0,60.199999999999996,100.0,94.5,93.8,77.8,93.60000000000001,89.5,100.0,100.0,100.0,83.7,92.30000000000001,83.1,44.3,100.0,78.7,80.10000000000001,100.0,100.0,90.7,100.0,94.1,93.5,100.0,88.3,100.0,100.0,74.5,86.1,84.39999999999999,81.89999999999999,83.8,93.89999999999999,49.4,90.10000000000001,69.8,100.0,100.0,100.0,74.9,83.1,79.7,100.0,100.0,96.8,95.89999999999999,81.69999999999999,88.9,82.0,NaN,NaN
Swedish,14.299999999999999,NaN,NaN,NaN,NaN,NaN,NaN,NaN,NaN,NaN,NaN,NaN,NaN,NaN,NaN,NaN,NaN,NaN,NaN,NaN,NaN,NaN,NaN,NaN,NaN,NaN,NaN,NaN,NaN,NaN,NaN,NaN,NaN,NaN,NaN,NaN,NaN,NaN,NaN,NaN,NaN,NaN,NaN,NaN,NaN,NaN,NaN,NaN,NaN,NaN,NaN,NaN,NaN,NaN,NaN,NaN,NaN,NaN,NaN,NaN,NaN,NaN,NaN,NaN,NaN,NaN,NaN,NaN,NaN,NaN,NaN,NaN,NaN,NaN,NaN,NaN,71.39999999999999,92.10000000000001,100.0,100.0,87.1,88.2,100.0,100.0,63.4,89.3,100.0,83.3,100.0,88.8,85.1,62.6,70.7,69.3,78.7,86.0,85.1,86.2,91.5,100.0,72.3,100.0,100.0,100.0,64.1,100.0,92.4,78.60000000000001,74.5,96.8,79.2,100.0,100.0,100.0,82.6,96.5,91.8,47.599999999999994,100.0,75.5,86.9,100.0,100.0,63.4,100.0,93.2,84.6,100.0,84.5,100.0,100.0,94.1,86.5,83.5,96.1,92.10000000000001,86.7,87.1,53.300000000000004,84.3,100.0,100.0,100.0,90.3,92.7,82.39999999999999,100.0,100.0,99.6,95.1,93.0,88.5,88.6,34.5,47.9
Tagalog,9.3,NaN,NaN,NaN,NaN,NaN,NaN,NaN,NaN,NaN,NaN,NaN,NaN,NaN,NaN,NaN,NaN,NaN,NaN,NaN,NaN,NaN,NaN,NaN,NaN,NaN,NaN,NaN,NaN,NaN,NaN,NaN,NaN,NaN,NaN,NaN,NaN,NaN,NaN,NaN,NaN,NaN,NaN,NaN,NaN,NaN,NaN,NaN,NaN,NaN,NaN,NaN,NaN,NaN,NaN,NaN,NaN,NaN,NaN,NaN,NaN,NaN,NaN,NaN,NaN,NaN,NaN,NaN,NaN,NaN,NaN,NaN,NaN,NaN,NaN,NaN,87.1,92.4,100.0,100.0,86.1,91.10000000000001,100.0,100.0,88.5,88.2,100.0,90.2,100.0,92.5,94.89999999999999,87.5,88.3,84.39999999999999,84.7,94.0,91.5,89.4,75.0,100.0,91.7,100.0,100.0,100.0,52.0,100.0,90.60000000000001,90.5,61.199999999999996,96.5,89.0,100.0,100.0,100.0,85.8,93.7,84.7,36.7,100.0,62.6,68.30000000000001,100.0,100.0,86.3,100.0,96.2,88.7,100.0,86.7,100.0,100.0,74.3,90.4,89.60000000000001,78.4,77.0,89.4,67.10000000000001,87.9,53.7,100.0,100.0,100.0,75.4,76.4,78.0,100.0,100.0,94.5,94.19999999999999,74.8,82.5,71.8,NaN,NaN
Tamil,100.0,NaN,NaN,NaN,NaN,NaN,NaN,NaN,NaN,NaN,NaN,NaN,NaN,NaN,NaN,NaN,NaN,NaN,NaN,NaN,NaN,NaN,NaN,NaN,NaN,NaN,NaN,NaN,NaN,NaN,NaN,NaN,NaN,NaN,NaN,NaN,NaN,NaN,NaN,NaN,NaN,NaN,NaN,NaN,NaN,NaN,NaN,NaN,NaN,NaN,NaN,NaN,NaN,NaN,NaN,NaN,NaN,NaN,NaN,NaN,NaN,NaN,NaN,NaN,NaN,NaN,NaN,NaN,NaN,NaN,NaN,NaN,NaN,NaN,NaN,NaN,100.0,100.0,100.0,100.0,100.0,100.0,100.0,100.0,100.0,100.0,100.0,100.0,100.0,100.0,100.0,100.0,100.0,100.0,100.0,100.0,100.0,100.0,100.0,100.0,100.0,100.0,100.0,100.0,100.0,100.0,100.0,100.0,100.0,100.0,100.0,100.0,100.0,100.0,100.0,100.0,100.0,100.0,100.0,100.0,100.0,100.0,100.0,100.0,100.0,100.0,100.0,100.0,100.0,100.0,100.0,100.0,100.0,100.0,100.0,100.0,100.0,100.0,100.0,100.0,100.0,100.0,100.0,100.0,100.0,100.0,100.0,100.0,100.0,100.0,100.0,100.0,100.0,100.0,NaN
Telugu,100.0,NaN,NaN,NaN,NaN,NaN,NaN,NaN,NaN,NaN,NaN,NaN,NaN,NaN,NaN,NaN,NaN,NaN,NaN,NaN,NaN,NaN,NaN,NaN,NaN,NaN,NaN,NaN,NaN,NaN,NaN,NaN,NaN,NaN,NaN,NaN,NaN,NaN,NaN,NaN,NaN,NaN,NaN,NaN,NaN,NaN,NaN,NaN,NaN,NaN,NaN,NaN,NaN,NaN,NaN,NaN,NaN,NaN,NaN,NaN,NaN,NaN,NaN,NaN,NaN,NaN,NaN,NaN,NaN,NaN,NaN,NaN,NaN,NaN,NaN,NaN,100.0,100.0,100.0,100.0,100.0,100.0,100.0,100.0,100.0,100.0,100.0,100.0,100.0,100.0,100.0,100.0,100.0,100.0,100.0,100.0,100.0,100.0,100.0,100.0,100.0,100.0,100.0,100.0,100.0,100.0,100.0,100.0,100.0,100.0,100.0,100.0,100.0,100.0,100.0,100.0,100.0,100.0,100.0,100.0,100.0,100.0,100.0,100.0,100.0,100.0,100.0,100.0,100.0,100.0,100.0,100.0,100.0,100.0,100.0,100.0,100.0,100.0,100.0,100.0,100.0,100.0,100.0,100.0,100.0,100.0,100.0,100.0,100.0,100.0,100.0,100.0,100.0,100.0,NaN
Thai,100.0,NaN,NaN,NaN,NaN,NaN,NaN,NaN,NaN,NaN,NaN,NaN,NaN,NaN,NaN,NaN,NaN,NaN,NaN,NaN,NaN,NaN,NaN,NaN,NaN,NaN,NaN,NaN,NaN,NaN,NaN,NaN,NaN,NaN,NaN,NaN,NaN,NaN,NaN,NaN,NaN,NaN,NaN,NaN,NaN,NaN,NaN,NaN,NaN,NaN,NaN,NaN,NaN,NaN,NaN,NaN,NaN,NaN,NaN,NaN,NaN,NaN,NaN,NaN,NaN,NaN,NaN,NaN,NaN,NaN,NaN,NaN,NaN,NaN,NaN,NaN,100.0,100.0,100.0,100.0,100.0,100.0,100.0,100.0,100.0,100.0,100.0,100.0,100.0,100.0,100.0,100.0,100.0,100.0,100.0,100.0,100.0,100.0,100.0,100.0,100.0,100.0,100.0,100.0,100.0,100.0,100.0,100.0,100.0,100.0,100.0,100.0,100.0,100.0,100.0,100.0,100.0,100.0,100.0,100.0,100.0,100.0,100.0,100.0,100.0,100.0,100.0,100.0,100.0,100.0,100.0,100.0,100.0,100.0,100.0,100.0,100.0,100.0,100.0,100.0,100.0,100.0,100.0,100.0,100.0,100.0,100.0,100.0,100.0,100.0,100.0,100.0,100.0,100.0,NaN
Tsonga,19.0,NaN,NaN,NaN,NaN,NaN,NaN,NaN,NaN,NaN,NaN,NaN,NaN,NaN,NaN,NaN,NaN,NaN,NaN,NaN,NaN,NaN,NaN,NaN,NaN,NaN,NaN,NaN,NaN,NaN,NaN,NaN,NaN,NaN,NaN,NaN,NaN,NaN,NaN,NaN,NaN,NaN,NaN,NaN,NaN,NaN,NaN,NaN,NaN,NaN,NaN,NaN,NaN,NaN,NaN,NaN,NaN,NaN,NaN,NaN,NaN,NaN,NaN,NaN,NaN,NaN,NaN,NaN,NaN,NaN,NaN,NaN,NaN,NaN,NaN,NaN,90.7,88.2,100.0,100.0,90.3,95.5,100.0,100.0,86.7,96.6,100.0,93.0,100.0,94.8,97.39999999999999,86.2,91.0,87.5,94.19999999999999,92.80000000000001,95.7,93.60000000000001,78.10000000000001,100.0,88.1,100.0,100.0,100.0,66.10000000000001,100.0,88.9,93.8,71.8,92.5,92.10000000000001,100.0,100.0,100.0,91.3,94.6,88.9,48.199999999999996,100.0,75.6,80.5,100.0,100.0,89.9,100.0,91.2,95.7,100.0,79.80000000000001,100.0,100.0,71.3,89.1,90.10000000000001,90.0,66.10000000000001,95.3,67.9,91.0,72.0,100.0,100.0,100.0,58.599999999999994,67.9,73.4,100.0,100.0,94.69999999999999,95.3,71.3,79.9,68.30000000000001,NaN,NaN
Tswana,17.0,NaN,NaN,NaN,NaN,NaN,NaN,NaN,NaN,NaN,NaN,NaN,NaN,NaN,NaN,NaN,NaN,NaN,NaN,NaN,NaN,NaN,NaN,NaN,NaN,NaN,NaN,NaN,NaN,NaN,NaN,NaN,NaN,NaN,NaN,NaN,NaN,NaN,NaN,NaN,NaN,NaN,NaN,NaN,NaN,NaN,NaN,NaN,NaN,NaN,NaN,NaN,NaN,NaN,NaN,NaN,NaN,NaN,NaN,NaN,NaN,NaN,NaN,NaN,NaN,NaN,NaN,NaN,NaN,NaN,NaN,NaN,NaN,NaN,NaN,NaN,93.7,98.5,100.0,100.0,94.39999999999999,94.0,100.0,100.0,94.89999999999999,96.5,100.0,95.3,100.0,96.2,98.4,94.5,96.3,91.5,94.6,93.30000000000001,95.6,93.5,84.5,100.0,94.89999999999999,100.0,100.0,100.0,65.3,100.0,84.89999999999999,95.89999999999999,71.8,91.60000000000001,93.10000000000001,100.0,100.0,100.0,93.7,94.8,95.3,45.800000000000004,100.0,77.2,83.6,100.0,100.0,94.6,100.0,98.4,94.6,100.0,85.1,100.0,100.0,81.69999999999999,95.5,97.0,87.6,45.4,94.3,81.0,95.89999999999999,74.1,100.0,100.0,100.0,69.69999999999999,60.0,76.3,100.0,100.0,95.6,91.7,71.0,78.0,73.9,NaN,NaN
Turkish,30.4,NaN,NaN,NaN,NaN,NaN,NaN,NaN,NaN,NaN,NaN,NaN,NaN,NaN,NaN,NaN,NaN,NaN,NaN,NaN,NaN,NaN,NaN,NaN,NaN,NaN,NaN,NaN,NaN,NaN,NaN,NaN,NaN,NaN,NaN,NaN,NaN,NaN,NaN,NaN,NaN,NaN,NaN,NaN,NaN,NaN,NaN,NaN,NaN,NaN,NaN,NaN,NaN,NaN,NaN,NaN,NaN,NaN,NaN,NaN,NaN,NaN,NaN,NaN,NaN,NaN,NaN,NaN,NaN,NaN,NaN,NaN,NaN,NaN,NaN,NaN,89.2,88.0,100.0,100.0,68.60000000000001,95.5,100.0,100.0,79.9,93.4,100.0,93.10000000000001,100.0,94.69999999999999,94.8,79.9,89.1,92.0,86.9,92.30000000000001,90.0,93.60000000000001,88.8,100.0,87.1,100.0,100.0,100.0,83.89999999999999,100.0,90.5,95.6,83.7,96.8,87.4,100.0,100.0,100.0,92.0,95.89999999999999,90.0,71.89999999999999,100.0,84.2,90.4,100.0,100.0,87.4,100.0,96.3,91.4,100.0,82.6,100.0,100.0,93.5,94.19999999999999,93.0,85.9,91.0,91.60000000000001,86.1,88.5,83.8,100.0,100.0,100.0,82.5,92.7,61.1,100.0,100.0,99.4,95.7,87.6,82.0,85.6,39.0,83.0
Ukrainian,45.5,NaN,NaN,NaN,NaN,NaN,NaN,NaN,NaN,NaN,NaN,NaN,NaN,NaN,NaN,NaN,NaN,NaN,NaN,NaN,NaN,NaN,NaN,NaN,NaN,NaN,NaN,NaN,NaN,NaN,NaN,NaN,NaN,NaN,NaN,NaN,NaN,NaN,NaN,NaN,NaN,NaN,NaN,NaN,NaN,NaN,NaN,NaN,NaN,NaN,NaN,NaN,NaN,NaN,NaN,NaN,NaN,NaN,NaN,NaN,NaN,NaN,NaN,NaN,NaN,NaN,NaN,NaN,NaN,NaN,NaN,NaN,NaN,NaN,NaN,NaN,100.0,100.0,100.0,100.0,100.0,100.0,82.69999999999999,100.0,100.0,100.0,83.2,100.0,100.0,100.0,100.0,100.0,100.0,100.0,100.0,100.0,100.0,100.0,100.0,100.0,100.0,100.0,100.0,100.0,84.39999999999999,100.0,100.0,100.0,100.0,100.0,100.0,100.0,93.2,100.0,100.0,100.0,100.0,77.7,81.6,100.0,100.0,100.0,95.5,100.0,100.0,100.0,100.0,100.0,100.0,69.0,78.2,100.0,100.0,100.0,100.0,100.0,100.0,100.0,100.0,100.0,100.0,100.0,100.0,100.0,100.0,100.0,68.60000000000001,100.0,100.0,100.0,100.0,100.0,100.0,69.69999999999999,NaN
Urdu,8.5,NaN,NaN,NaN,NaN,NaN,NaN,NaN,NaN,NaN,NaN,NaN,NaN,NaN,NaN,NaN,NaN,NaN,NaN,NaN,NaN,NaN,NaN,NaN,NaN,NaN,NaN,NaN,NaN,NaN,NaN,NaN,NaN,NaN,NaN,NaN,NaN,NaN,NaN,NaN,NaN,NaN,NaN,NaN,NaN,NaN,NaN,NaN,NaN,NaN,NaN,NaN,NaN,NaN,NaN,NaN,NaN,NaN,NaN,NaN,NaN,NaN,NaN,NaN,NaN,NaN,NaN,NaN,NaN,NaN,NaN,NaN,NaN,NaN,NaN,NaN,100.0,100.0,95.8,100.0,100.0,100.0,100.0,100.0,100.0,100.0,100.0,100.0,100.0,100.0,100.0,100.0,100.0,100.0,100.0,100.0,100.0,100.0,100.0,100.0,100.0,100.0,100.0,100.0,80.0,100.0,100.0,100.0,100.0,100.0,100.0,100.0,100.0,100.0,100.0,100.0,100.0,82.8,100.0,100.0,100.0,100.0,100.0,100.0,87.3,100.0,100.0,100.0,100.0,100.0,100.0,100.0,100.0,100.0,100.0,100.0,100.0,100.0,100.0,100.0,100.0,100.0,100.0,100.0,100.0,100.0,100.0,70.19999999999999,100.0,100.0,100.0,100.0,100.0,45.7,NaN
Vietnamese,NaN,NaN,NaN,NaN,NaN,NaN,NaN,NaN,NaN,NaN,NaN,NaN,NaN,NaN,NaN,NaN,NaN,NaN,NaN,NaN,NaN,NaN,NaN,NaN,NaN,NaN,NaN,NaN,NaN,NaN,NaN,NaN,NaN,NaN,NaN,NaN,NaN,NaN,NaN,NaN,NaN,NaN,NaN,NaN,NaN,NaN,NaN,NaN,NaN,NaN,NaN,NaN,NaN,NaN,NaN,NaN,NaN,NaN,NaN,NaN,NaN,NaN,NaN,NaN,NaN,NaN,NaN,NaN,NaN,NaN,NaN,NaN,NaN,NaN,NaN,NaN,99.65870307167235,99.54493742889647,100.0,100.0,99.43117178612059,99.88623435722411,100.0,100.0,99.65870307167235,99.65870307167235,100.0,99.65870307167235,100.0,99.54493742889647,99.54493742889647,99.77246871444824,99.31740614334471,99.31740614334471,99.65870307167235,99.65870307167235,99.88623435722411,99.65870307167235,99.31740614334471,100.0,99.08987485779295,100.0,100.0,100.0,78.839590443686,100.0,99.31740614334471,99.88623435722411,98.40728100113766,98.52104664391354,99.43117178612059,100.0,100.0,100.0,99.54493742889647,99.65870307167235,99.43117178612059,78.839590443686,100.0,98.40728100113766,98.63481228668942,100.0,100.0,99.43117178612059,100.0,99.88623435722411,99.31740614334471,100.0,98.86234357224119,100.0,100.0,98.06598407281001,99.54493742889647,99.65870307167235,99.43117178612059,97.72468714448237,99.54493742889647,99.65870307167235,99.65870307167235,98.06598407281001,100.0,100.0,100.0,98.7485779294653,98.29351535836177,99.20364050056882,100.0,100.0,65.07394766780432,99.43117178612059,97.61092150170649,99.77246871444824,96.9283276450512,75.76791808873719,64.84641638225256
Welsh,34.0,NaN,NaN,NaN,NaN,NaN,NaN,NaN,NaN,NaN,NaN,NaN,NaN,NaN,NaN,NaN,NaN,NaN,NaN,NaN,NaN,NaN,NaN,NaN,NaN,NaN,NaN,NaN,NaN,NaN,NaN,NaN,NaN,NaN,NaN,NaN,NaN,NaN,NaN,NaN,NaN,NaN,NaN,NaN,NaN,NaN,NaN,NaN,NaN,NaN,NaN,NaN,NaN,NaN,NaN,NaN,NaN,NaN,NaN,NaN,NaN,NaN,NaN,NaN,NaN,NaN,NaN,NaN,NaN,NaN,NaN,NaN,NaN,NaN,NaN,NaN,94.1,96.0,100.0,100.0,95.89999999999999,94.3,100.0,100.0,94.19999999999999,94.1,100.0,90.8,100.0,96.2,95.89999999999999,93.8,94.5,90.4,91.8,96.3,94.6,92.30000000000001,93.4,100.0,91.9,100.0,100.0,100.0,78.2,100.0,95.6,93.30000000000001,91.8,89.8,87.6,100.0,100.0,100.0,90.7,97.6,92.0,65.60000000000001,100.0,92.30000000000001,95.0,100.0,100.0,91.9,100.0,94.3,91.5,100.0,93.60000000000001,100.0,100.0,93.5,94.1,94.3,96.3,94.3,91.3,94.0,92.4,93.60000000000001,100.0,100.0,100.0,93.4,93.4,92.2,100.0,100.0,97.8,58.3,95.39999999999999,96.1,95.39999999999999,NaN,NaN
Xhosa,45.2,NaN,NaN,NaN,NaN,NaN,NaN,NaN,NaN,NaN,NaN,NaN,NaN,NaN,NaN,NaN,NaN,NaN,NaN,NaN,NaN,NaN,NaN,NaN,NaN,NaN,NaN,NaN,NaN,NaN,NaN,NaN,NaN,NaN,NaN,NaN,NaN,NaN,NaN,NaN,NaN,NaN,NaN,NaN,NaN,NaN,NaN,NaN,NaN,NaN,NaN,NaN,NaN,NaN,NaN,NaN,NaN,NaN,NaN,NaN,NaN,NaN,NaN,NaN,NaN,NaN,NaN,NaN,NaN,NaN,NaN,NaN,NaN,NaN,NaN,NaN,89.2,89.60000000000001,100.0,100.0,92.60000000000001,97.2,100.0,100.0,87.6,95.6,100.0,93.8,100.0,95.6,97.0,86.4,88.0,85.7,93.7,92.0,93.10000000000001,95.8,71.0,100.0,87.5,100.0,100.0,100.0,63.9,100.0,88.0,91.2,78.60000000000001,91.60000000000001,91.9,100.0,100.0,100.0,93.10000000000001,97.39999999999999,91.4,48.5,100.0,81.2,86.8,100.0,100.0,91.0,100.0,94.8,95.3,100.0,87.7,100.0,100.0,75.1,90.4,89.60000000000001,90.4,72.6,94.8,75.5,89.8,77.2,100.0,100.0,100.0,67.4,77.60000000000001,79.7,100.0,100.0,98.9,93.5,58.9,87.3,50.3,NaN,NaN
Yoruba,1.3,NaN,NaN,NaN,NaN,NaN,NaN,NaN,NaN,NaN,NaN,NaN,NaN,NaN,NaN,NaN,NaN,NaN,NaN,NaN,NaN,NaN,NaN,NaN,NaN,NaN,NaN,NaN,NaN,NaN,NaN,NaN,NaN,NaN,NaN,NaN,NaN,NaN,NaN,NaN,NaN,NaN,NaN,NaN,NaN,NaN,NaN,NaN,NaN,NaN,NaN,NaN,NaN,NaN,NaN,NaN,NaN,NaN,NaN,NaN,NaN,NaN,NaN,NaN,NaN,NaN,NaN,NaN,NaN,NaN,NaN,NaN,NaN,NaN,NaN,NaN,93.30000000000001,94.19999999999999,100.0,100.0,91.8,94.1,100.0,100.0,91.7,92.30000000000001,100.0,92.10000000000001,100.0,92.9,96.39999999999999,91.10000000000001,92.80000000000001,90.5,91.10000000000001,95.0,95.6,92.2,90.9,100.0,92.2,100.0,100.0,100.0,50.3,100.0,95.6,93.2,86.3,93.8,90.2,100.0,100.0,100.0,90.0,96.7,93.8,40.400000000000006,100.0,86.5,89.2,100.0,100.0,93.0,100.0,97.1,90.8,100.0,88.2,100.0,100.0,91.3,93.2,93.4,92.0,92.0,90.10000000000001,90.7,91.9,86.8,100.0,100.0,100.0,92.5,91.8,87.1,100.0,100.0,98.6,97.7,92.2,45.2,91.10000000000001,NaN,NaN
Zulu,18.099999999999998,NaN,NaN,NaN,NaN,NaN,NaN,NaN,NaN,NaN,NaN,NaN,NaN,NaN,NaN,NaN,NaN,NaN,NaN,NaN,NaN,NaN,NaN,NaN,NaN,NaN,NaN,NaN,NaN,NaN,NaN,NaN,NaN,NaN,NaN,NaN,NaN,NaN,NaN,NaN,NaN,NaN,NaN,NaN,NaN,NaN,NaN,NaN,NaN,NaN,NaN,NaN,NaN,NaN,NaN,NaN,NaN,NaN,NaN,NaN,NaN,NaN,NaN,NaN,NaN,NaN,NaN,NaN,NaN,NaN,NaN,NaN,NaN,NaN,NaN,NaN,90.60000000000001,88.8,100.0,100.0,89.2,97.2,100.0,100.0,88.0,95.3,100.0,93.2,100.0,96.0,99.0,88.0,90.2,86.7,94.5,91.10000000000001,94.69999999999999,95.3,71.3,100.0,88.7,100.0,100.0,100.0,62.0,100.0,88.8,91.3,74.7,89.8,91.3,100.0,100.0,100.0,93.60000000000001,96.89999999999999,90.3,48.0,100.0,79.9,84.0,100.0,100.0,90.8,100.0,95.39999999999999,95.19999999999999,100.0,86.7,100.0,100.0,75.7,90.9,90.10000000000001,90.5,69.89999999999999,95.1,73.2,90.2,75.4,100.0,100.0,100.0,65.10000000000001,75.0,73.6,100.0,100.0,98.6,93.2,44.9,85.8,60.099999999999994,53.5,NaN
